보험회사,상품명,구분,담보명(급부명),지급사유,지급금액,가입금액,기준보험료,가입보험료,적용이율,갱신구분,판매채널,기준일자,상세안내,연락처,source_file,원본_열_0,원본_열_1,원본_열_2,원본_열_3,원본_열_4,원본_열_5,원본_열_6,원본_열_7,원본_열_8,원본_열_9
,,,자동차사고부상치료비(비운전자용),비운전중 자동차사고로 신체에 상해를 입고 ‘자동차손해배상보장법 시행령’에서 정한 부상등급을 받은 경우,20만원,,,,,,,,,,file_40.xls,,,,자동차사고부상치료비(비운전자용),비운전중 자동차사고로 신체에 상해를 입고 ‘자동차손해배상보장법 시행령’에서 정한 부상등급을 받은 경우,20만원,,,,
,,,자동차사고부상치료비(비운전자용),비운전중 자동차사고로 신체에 상해를 입고 ‘자동차손해배상보장법 시행령’에서 정한 부상등급을 받은 경우,20만원,,,,,,,,,,file_41.xls,,,,자동차사고부상치료비(비운전자용),비운전중 자동차사고로 신체에 상해를 입고 ‘자동차손해배상보장법 시행령’에서 정한 부상등급을 받은 경우,20만원,,,,
,,,이륜자동차 운전중 교통사고처리지원금(동승자제외),"이륜자동차를 운전하던 중에 발생한 급격하고도 우연히 발생한 자동차사고로 인하여 타인(피보험자의 부모, 배우자 및 자녀 및 피보험자가 운전하던 이륜자동차의 동승자인 경우 제외합니다)에게 상해를 입혀 형사합의를 한 경우",1억원,,,,,,,,,,file_42.xls,,,,이륜자동차 운전중 교통사고처리지원금(동승자제외),"이륜자동차를 운전하던 중에 발생한 급격하고도 우연히 발생한 자동차사고로 인하여 타인(피보험자의 부모, 배우자 및 자녀 및 피보험자가 운전하던 이륜자동차의 동승자인 경우 제외합니다)에게 상해를 입혀 형사합의를 한 경우",1억원,,,,
,,,이륜자동차 운전중 교통상해사망,이륜자동차 운전중 교통상해의 직접결과로써 사망한 경우,,,,,,,,,,,file_42.xls,,,,이륜자동차 운전중 교통상해사망,이륜자동차 운전중 교통상해의 직접결과로써 사망한 경우,,,,,
,,,자동차사고 변호사선임비용(Ⅲ),"자동차를 운전하던 중 또는 자가용자동차 운전 후 비탑승 상태에서 발생한 급격하고도 우연한 자동차사고로 타인의 신체에 상해를 입힘으로써, 변호사선임비용을 부담함으로써 입은 손해",500만원,,,,,,,,,,file_42.xls,,,,자동차사고 변호사선임비용(Ⅲ),"자동차를 운전하던 중 또는 자가용자동차 운전 후 비탑승 상태에서 발생한 급격하고도 우연한 자동차사고로 타인의 신체에 상해를 입힘으로써, 변호사선임비용을 부담함으로써 입은 손해",500만원,,,,
,,,심급별 자동차사고·변호사선임비용Ⅱ,"자동차를 운전하던 중 또는 자동차 운전 후 비탑승 상태에서 발생한 급격하고도 우연한 자동차사고로 타인의 신체에 상해를 입힘으로써, 변호사선임비용을 부담함으로써 입은 손해","1,500만원",,,,,,,,,,file_42.xls,,,,심급별 자동차사고·변호사선임비용Ⅱ,"자동차를 운전하던 중 또는 자동차 운전 후 비탑승 상태에서 발생한 급격하고도 우연한 자동차사고로 타인의 신체에 상해를 입힘으로써, 변호사선임비용을 부담함으로써 입은 손해","1,500만원",,,,
,,,심급별 자동차사고·변호사선임비용Ⅱ,"자동차를 운전하던 중 또는 자동차 운전 후 비탑승 상태에서 발생한 급격하고도 우연한 자동차사고로 타인의 신체에 상해를 입힘으로써, 변호사선임비용을 부담함으로써 입은 손해","1,500만원",,,,,,,,,,file_42.xls,,,,심급별 자동차사고·변호사선임비용Ⅱ,"자동차를 운전하던 중 또는 자동차 운전 후 비탑승 상태에서 발생한 급격하고도 우연한 자동차사고로 타인의 신체에 상해를 입힘으로써, 변호사선임비용을 부담함으로써 입은 손해","1,500만원",,,,
,,,"자동차사고변호사선임비용(경찰조사포함,비탑승중Ⅱ포함)","자동차를 운전하던 중 또는 자동차 운전 후 비탑승 상태에서 발생한 급격하고도 우연한 사고로 타인의 신체에 상해를 입혀 1. 구속영장에 의하여 구속, 2. 검사에 의한 공소제기(약식기소는 제외), 3. 검사에 의해 약식기소는 되었으나 법원에 의해 보통의 심판절차인 공판절차에 의해 재판이 진행, 4. 법원의 약식명령에 대하여 정식재판을 청구하는 경우, 5. 피보험자가 타인을 사망하게 하거나 중대법규위반 교통사고로 타인의 신체에 상해를 입혀 경찰조사 후 불송치된 경우, 6. 피보험자가 타인을 사망하게 하거나 중대법규위반 교통사고로 타인의 신체에 상해를 입혀 검찰에 의해 약식기소 또는 불기소된 경우(단, 제3호, 제4호에 해당하는 경우는 제외), 7. 피보험자가 중대법규위반 교통사고에 해당하지 않는 자동차사고로 피해자에게 부상등급 1급, 2급 또는 3급에 해당하는 부상을 입혀 경찰조사 후 불송치된 경우, 8. 피보험자가 중대법규위반 교통사고에 해당하지 않는 자동차사고로 피해자에게 부상등급 1급, 2급 또는 3급에 해당하는 부상을 입혀 검찰에 의해 약식기소 또는 불기소된 경우(단, 제3호 및 제4호에 해당하는 경우는 제외) 중 어느 한가지 사유로 변호사선임비용을 부담한 경우",,,,,,,,,,,file_42.xls,,,,"자동차사고변호사선임비용(경찰조사포함,비탑승중Ⅱ포함)","자동차를 운전하던 중 또는 자동차 운전 후 비탑승 상태에서 발생한 급격하고도 우연한 사고로 타인의 신체에 상해를 입혀 1. 구속영장에 의하여 구속, 2. 검사에 의한 공소제기(약식기소는 제외), 3. 검사에 의해 약식기소는 되었으나 법원에 의해 보통의 심판절차인 공판절차에 의해 재판이 진행, 4. 법원의 약식명령에 대하여 정식재판을 청구하는 경우, 5. 피보험자가 타인을 사망하게 하거나 중대법규위반 교통사고로 타인의 신체에 상해를 입혀 경찰조사 후 불송치된 경우, 6. 피보험자가 타인을 사망하게 하거나 중대법규위반 교통사고로 타인의 신체에 상해를 입혀 검찰에 의해 약식기소 또는 불기소된 경우(단, 제3호, 제4호에 해당하는 경우는 제외), 7. 피보험자가 중대법규위반 교통사고에 해당하지 않는 자동차사고로 피해자에게 부상등급 1급, 2급 또는 3급에 해당하는 부상을 입혀 경찰조사 후 불송치된 경우, 8. 피보험자가 중대법규위반 교통사고에 해당하지 않는 자동차사고로 피해자에게 부상등급 1급, 2급 또는 3급에 해당하는 부상을 입혀 검찰에 의해 약식기소 또는 불기소된 경우(단, 제3호 및 제4호에 해당하는 경우는 제외) 중 어느 한가지 사유로 변호사선임비용을 부담한 경우",,,,,
,,,"자동차사고변호사선임비용(심급별500만원한도,자기부담률50%)","자동차를 운전하던 중에 급격하고도 우연한 사고로 타인의 신체에 상해를 입힘으로써 구속영장에 의하여 구속되었거나, 검사에 의해 공소제기(약식기소는 제외)된 경우, 검사에 의해 약식기소 되었으나 법원에 의해 보통의 심판절차인 공판절차에 의해 재판이 진행하게 된 경우, 검사 또는 피보험자가 법원의 약식명령에 대하여 정식재판을 청구하는 경우",,,,,,,,,,,file_42.xls,,,,"자동차사고변호사선임비용(심급별500만원한도,자기부담률50%)","자동차를 운전하던 중에 급격하고도 우연한 사고로 타인의 신체에 상해를 입힘으로써 구속영장에 의하여 구속되었거나, 검사에 의해 공소제기(약식기소는 제외)된 경우, 검사에 의해 약식기소 되었으나 법원에 의해 보통의 심판절차인 공판절차에 의해 재판이 진행하게 된 경우, 검사 또는 피보험자가 법원의 약식명령에 대하여 정식재판을 청구하는 경우",,,,,
,,,자동차사고부상Ⅱ(1~7급),"자동차사고(운전중, 탑승중, 비탑승중. 약관 참조)로 인한 상해의 직접결과로써 자동차손해배상보장법시행령에서 정한 자동차사고 부상 등급표의 상해등급 중 1급, 2급, 3급, 4급, 5급, 6급 또는 7급을 받은 경우",보험가입금액,,,,,,,,,,file_42.xls,,,,자동차사고부상Ⅱ(1~7급),"자동차사고(운전중, 탑승중, 비탑승중. 약관 참조)로 인한 상해의 직접결과로써 자동차손해배상보장법시행령에서 정한 자동차사고 부상 등급표의 상해등급 중 1급, 2급, 3급, 4급, 5급, 6급 또는 7급을 받은 경우",보험가입금액,,,,
,,,자동차사고변호사선임비용Ⅳ,"자동차 운전중 교통사고로 타인의 신체에 상해를 입혀 아래의 어느 하나에 해당되는 경우, 변호사선임비용으로 지급한 실제 금액(1사고마다)가. 피보험자가 구속영장에 의하여 구속된 경우나. 검찰에 의해 공소제기(이하 「기소」라 합니다. 단, 약식기소는 제외합니다)된 경우다. 피보험자가 검사에 의해 약식기소 되었으나 형사소송법 제450조에 의거 법원에 의해 보통의 심판절차인 공판절차에 따라 재판을 진행하게 된 경우라. 형사소송법 제453조에 의거 검사 또는 피보험자가 법원의 약식명령에 대하여 정식재판을 청구하여재판이 진행되는 경우",보험가입금액 한도,,,,,,,,,,file_42.xls,,,,자동차사고변호사선임비용Ⅳ,"자동차 운전중 교통사고로 타인의 신체에 상해를 입혀 아래의 어느 하나에 해당되는 경우, 변호사선임비용으로 지급한 실제 금액(1사고마다)가. 피보험자가 구속영장에 의하여 구속된 경우나. 검찰에 의해 공소제기(이하 「기소」라 합니다. 단, 약식기소는 제외합니다)된 경우다. 피보험자가 검사에 의해 약식기소 되었으나 형사소송법 제450조에 의거 법원에 의해 보통의 심판절차인 공판절차에 따라 재판을 진행하게 된 경우라. 형사소송법 제453조에 의거 검사 또는 피보험자가 법원의 약식명령에 대하여 정식재판을 청구하여재판이 진행되는 경우",보험가입금액 한도,,,,
,,,자동차사고변호사선임비용(특정사고 경찰조사포함)(비탑승중포함),"자동차 운전중 교통사고로 타인의 신체에 상해를 입혀 아래의 어느 하나에 해당되는 경우 실제 지급액가. 피보험자가 구속영장에 의하여 구속된 경우나. 검찰에 의해 공소제기(이하 「기소」라 합니다. 단, 약식기소는 제외합니다)된 경우다. 피보험자가 검사에 의해 약식기소 되었으나 형사소송법 제450조에 의거 법원에 의해 보통의 심판절차인 공판절차에 따라 재판을 진행하게 된 경우라. 형사소송법 제453조에 의거 검사 또는 피보험자가 법원의 약식명령에 대하여 정식재판을 청구하여재판이 진행되는 경우마. 피보험자가 경찰 조사 후 불송치된 경우(단, 타인을 사망하게 한 경우 또는 「중대법규위반 교통사고」로 타인의 신체에 상해를 입힌 경우에 한합니다)바. 검찰에 의해 약식기소 또는 불기소된 경우(단, 타인을 사망하게 한 경우 또는 「중대법규위반 교통사고」로 타인의 신체에 상해를 입힌 경우에 한합니다)",보험가입금액 한도,,,,,,,,,,file_42.xls,,,,자동차사고변호사선임비용(특정사고 경찰조사포함)(비탑승중포함),"자동차 운전중 교통사고로 타인의 신체에 상해를 입혀 아래의 어느 하나에 해당되는 경우 실제 지급액가. 피보험자가 구속영장에 의하여 구속된 경우나. 검찰에 의해 공소제기(이하 「기소」라 합니다. 단, 약식기소는 제외합니다)된 경우다. 피보험자가 검사에 의해 약식기소 되었으나 형사소송법 제450조에 의거 법원에 의해 보통의 심판절차인 공판절차에 따라 재판을 진행하게 된 경우라. 형사소송법 제453조에 의거 검사 또는 피보험자가 법원의 약식명령에 대하여 정식재판을 청구하여재판이 진행되는 경우마. 피보험자가 경찰 조사 후 불송치된 경우(단, 타인을 사망하게 한 경우 또는 「중대법규위반 교통사고」로 타인의 신체에 상해를 입힌 경우에 한합니다)바. 검찰에 의해 약식기소 또는 불기소된 경우(단, 타인을 사망하게 한 경우 또는 「중대법규위반 교통사고」로 타인의 신체에 상해를 입힌 경우에 한합니다)",보험가입금액 한도,,,,
,,,자동차사고변호사선임비용Ⅳ,"자동차 운전중 교통사고로 타인의 신체에 상해를 입혀 아래의 어느 하나에 해당되는 경우 실제 지급액가. 피보험자가 구속영장에 의하여 구속된 경우나. 검찰에 의해 공소제기(이하 「기소」라 합니다. 단, 약식기소는 제외합니다)된 경우다. 피보험자가 검사에 의해 약식기소 되었으나 형사소송법 제450조에 의거 법원에 의해 보통의 심판절차인 공판절차에 따라 재판을 진행하게 된 경우라. 형사소송법 제453조에 의거 검사 또는 피보험자가 법원의 약식명령에 대하여 정식재판을 청구하여재판이 진행되는 경우",보험가입금액 한도,,,,,,,,,,file_42.xls,,,,자동차사고변호사선임비용Ⅳ,"자동차 운전중 교통사고로 타인의 신체에 상해를 입혀 아래의 어느 하나에 해당되는 경우 실제 지급액가. 피보험자가 구속영장에 의하여 구속된 경우나. 검찰에 의해 공소제기(이하 「기소」라 합니다. 단, 약식기소는 제외합니다)된 경우다. 피보험자가 검사에 의해 약식기소 되었으나 형사소송법 제450조에 의거 법원에 의해 보통의 심판절차인 공판절차에 따라 재판을 진행하게 된 경우라. 형사소송법 제453조에 의거 검사 또는 피보험자가 법원의 약식명령에 대하여 정식재판을 청구하여재판이 진행되는 경우",보험가입금액 한도,,,,
,,,자동차사고부상치료비(1~7급),교통사고로 상해를 입고 자동차사고 부상등급표의 상해등급(1~7급)을 받은 경우,보험가입금액,,,,,,,,,,file_42.xls,,,,자동차사고부상치료비(1~7급),교통사고로 상해를 입고 자동차사고 부상등급표의 상해등급(1~7급)을 받은 경우,보험가입금액,,,,
,,,자동차사고 변호사선임비용Ⅶ(경찰조사포함)(비탑승중Ⅱ 포함),"자동차 운전중 교통사고로 타인을 사망에 이르게 하거나 「자동차사고 부상 등급표」에서 정한 상해등급에 해당하는 상해를 입혀 아래의 ① 내지 ⑦로 인해 발생한 변호사선임비용 중 실제로 부담한 금액을 1사고마다 약관에 정해진 한도로 보상① 구속영장에 의해 구속된 경우 ② 검사에 의해 공소제기(단, 약식기소 제외)된 경우 ③ 검사에 의해 약식기소 되었으나, 형사소송법 제450조에 의거 법원에 의해 공판절차에 의한 재판이 진행되게 되거나 동법 제453조에 의해 정식재판이 청구되는 경우 ④ 경찰 조사 후 불송치 된 경우(단, 타인을 사망하게 한 경우 또는 ""중대법규위반 교통사고""로 타인의 신체에 상해를 입힌 경우에 한함) ⑤ 검찰에 의해 약식기소 또는 불기소 처분이 있는 경우(단, 타인을 사망하게 한 경우 또는 ""중대법규위반 교통사고""로 타인의 신체에 상해를 입힌 경우에 한함) ⑥ 「자동차사고 부상 등급표」에서 정한 상해등급 1급~ 3급에 해당하는 상해를 입히고 경찰 조사 후 불송치 된 경우(단, 타인을 사망하게 한 경우 또는 ""중대법규위반 교통사고""로 타인의 신체에 상해를 입힌 경우는 제외) ⑦ 「자동차사고 부상 등급표」에서 정한 상해등급 1급~ 3급에 해당하는 상해를 입히고 검찰에 의해 약식기소 또는 불기소 처분이 있는 경우(단, 타인을 사망하게 한 경우 또는 ""중대법규위반 교통사고""로 타인의 신체에 상해를 입힌 경우는 제외)※ 1사고로 항소심, 상고심을 포함하여 다수의 소송을 하였을 경우 그 소송동안 피보험자가 실제로 부담한 전체 변호사선임비용을 합쳐서 가입금액을 한도로 보상","- 타인의 사망 또는 ① 내지 ③에 해당하는 경우 : 5,000만원 한도- ④ 내지 ⑤에 해당하는 경우 : · 1~3급 : 5,000만원 한도 · 4~7급 : 3,000만원 한도, · 8~14급 : 1,000만원 한도- ⑥ 내지 ⑦에 해당하는 경우 : 3,000만원 한도",,,,,,,,,,file_42.xls,,,,자동차사고 변호사선임비용Ⅶ(경찰조사포함)(비탑승중Ⅱ 포함),"자동차 운전중 교통사고로 타인을 사망에 이르게 하거나 「자동차사고 부상 등급표」에서 정한 상해등급에 해당하는 상해를 입혀 아래의 ① 내지 ⑦로 인해 발생한 변호사선임비용 중 실제로 부담한 금액을 1사고마다 약관에 정해진 한도로 보상① 구속영장에 의해 구속된 경우 ② 검사에 의해 공소제기(단, 약식기소 제외)된 경우 ③ 검사에 의해 약식기소 되었으나, 형사소송법 제450조에 의거 법원에 의해 공판절차에 의한 재판이 진행되게 되거나 동법 제453조에 의해 정식재판이 청구되는 경우 ④ 경찰 조사 후 불송치 된 경우(단, 타인을 사망하게 한 경우 또는 ""중대법규위반 교통사고""로 타인의 신체에 상해를 입힌 경우에 한함) ⑤ 검찰에 의해 약식기소 또는 불기소 처분이 있는 경우(단, 타인을 사망하게 한 경우 또는 ""중대법규위반 교통사고""로 타인의 신체에 상해를 입힌 경우에 한함) ⑥ 「자동차사고 부상 등급표」에서 정한 상해등급 1급~ 3급에 해당하는 상해를 입히고 경찰 조사 후 불송치 된 경우(단, 타인을 사망하게 한 경우 또는 ""중대법규위반 교통사고""로 타인의 신체에 상해를 입힌 경우는 제외) ⑦ 「자동차사고 부상 등급표」에서 정한 상해등급 1급~ 3급에 해당하는 상해를 입히고 검찰에 의해 약식기소 또는 불기소 처분이 있는 경우(단, 타인을 사망하게 한 경우 또는 ""중대법규위반 교통사고""로 타인의 신체에 상해를 입힌 경우는 제외)※ 1사고로 항소심, 상고심을 포함하여 다수의 소송을 하였을 경우 그 소송동안 피보험자가 실제로 부담한 전체 변호사선임비용을 합쳐서 가입금액을 한도로 보상","- 타인의 사망 또는 ① 내지 ③에 해당하는 경우 : 5,000만원 한도- ④ 내지 ⑤에 해당하는 경우 : · 1~3급 : 5,000만원 한도 · 4~7급 : 3,000만원 한도, · 8~14급 : 1,000만원 한도- ⑥ 내지 ⑦에 해당하는 경우 : 3,000만원 한도",,,,
,,,이륜자동차 운전중 교통사고처리지원금(동승자 제외)(사망),"이륜자동차 운전중 교통사고로 피해자(피보험자의 부모, 배우자 및 자녀 제외)를 사망하게 한 경우(1사고당 피보험자가 실제로 지급한 형사합의금 지급) 피해자 1명당 1억원 한도로 보상",,,,,,,,,,,file_42.xls,,,,이륜자동차 운전중 교통사고처리지원금(동승자 제외)(사망),"이륜자동차 운전중 교통사고로 피해자(피보험자의 부모, 배우자 및 자녀 제외)를 사망하게 한 경우(1사고당 피보험자가 실제로 지급한 형사합의금 지급) 피해자 1명당 1억원 한도로 보상",,,,,
,,,이륜자동차 운전중 교통사고처리지원금(동승자 제외)(중상해),"이륜자동차 운전중 약관에 정한 일반교통사고로 피해자(피보험자의 부모, 배우자 및 자녀 제외)에게 중상해를 입혀 약관에 정한 법령으로 검찰에 의해 공소제기되거나 「자동차사고 부상 등급표」에서 정한 상해급수 1급, 2급 또는 3급에 해당하는 부상을 입힌 경우(1사고당 피보험자가 실제로 지급한 형사합의금 지급) 피해자 1명당 1억원 한도로 지급",,,,,,,,,,,file_42.xls,,,,이륜자동차 운전중 교통사고처리지원금(동승자 제외)(중상해),"이륜자동차 운전중 약관에 정한 일반교통사고로 피해자(피보험자의 부모, 배우자 및 자녀 제외)에게 중상해를 입혀 약관에 정한 법령으로 검찰에 의해 공소제기되거나 「자동차사고 부상 등급표」에서 정한 상해급수 1급, 2급 또는 3급에 해당하는 부상을 입힌 경우(1사고당 피보험자가 실제로 지급한 형사합의금 지급) 피해자 1명당 1억원 한도로 지급",,,,,
,,,이륜자동차 운전중 교통사고처리지원금(동승자 제외)(중상해확대),"이륜자동차 운전중 약관에 정한 일반교통사고로 피해자에게 「자동차사고 부상 등급표」에서 정한 상해급수 1급, 2급 또는 3급 외에 해당하는 중상해를 입혀 형법 제258조 제1항 또는 제2항, 형법 제268조, 교통사고처리특례법 제3조 위반혐의로 경찰조사 후 불송치되거나, 검찰에 의해 불기소된 경우(1사고당 피보험자가 실제로 지급한 형사합의금 지급) 피해자 1명당 5,000만원 한도로 지급",,,,,,,,,,,file_42.xls,,,,이륜자동차 운전중 교통사고처리지원금(동승자 제외)(중상해확대),"이륜자동차 운전중 약관에 정한 일반교통사고로 피해자에게 「자동차사고 부상 등급표」에서 정한 상해급수 1급, 2급 또는 3급 외에 해당하는 중상해를 입혀 형법 제258조 제1항 또는 제2항, 형법 제268조, 교통사고처리특례법 제3조 위반혐의로 경찰조사 후 불송치되거나, 검찰에 의해 불기소된 경우(1사고당 피보험자가 실제로 지급한 형사합의금 지급) 피해자 1명당 5,000만원 한도로 지급",,,,,
,,,이륜자동차 운전중 교통사고처리지원금Ⅱ(동승자 제외)(6주이상부상),"이륜자동차 운전중 약관에 정한 중대법규위반 교통사고로 피해자(피보험자의 부모, 배우자 및 자녀 제외)가 42일, 70일, 140일이상(다수 피해자의 진단일을 합하여 계산하지 않음) 치료를 요한다는 진단을 받은 경우(1사고당 피보험자가 실제로 지급한 형사합의금 지급) 피해자 1명당 ·6주이상 10주미만 : 2,000만원 한도 ·10주이상 20주미만 : 7,000만원 한도 ·20주이상 : 1억원 한도로 지급",,,,,,,,,,,file_42.xls,,,,이륜자동차 운전중 교통사고처리지원금Ⅱ(동승자 제외)(6주이상부상),"이륜자동차 운전중 약관에 정한 중대법규위반 교통사고로 피해자(피보험자의 부모, 배우자 및 자녀 제외)가 42일, 70일, 140일이상(다수 피해자의 진단일을 합하여 계산하지 않음) 치료를 요한다는 진단을 받은 경우(1사고당 피보험자가 실제로 지급한 형사합의금 지급) 피해자 1명당 ·6주이상 10주미만 : 2,000만원 한도 ·10주이상 20주미만 : 7,000만원 한도 ·20주이상 : 1억원 한도로 지급",,,,,
,,,이륜자동차 운전중 교통상해 사망,이륜자동차 운전중 사고로 사망한 경우 가입금액 지급,가입금액,,,,,,,,,,file_42.xls,,,,이륜자동차 운전중 교통상해 사망,이륜자동차 운전중 사고로 사망한 경우 가입금액 지급,가입금액,,,,
,,,자동차사고 변호사선임비용Ⅶ(경찰조사포함),"자동차 운전중 교통사고로 타인을 사망에 이르게 하거나 「자동차사고 부상 등급표」에서 정한 상해등급에 해당하는 상해를 입혀 아래의 ① 내지 ⑦로 인해 발생한 변호사선임비용 중 실제로 부담한 금액을 1사고마다 약관에 정해진 한도로 보상① 구속영장에 의해 구속된 경우 ② 검사에 의해 공소제기(단, 약식기소 제외)된 경우 ③ 검사에 의해 약식기소 되었으나, 형사소송법 제450조에 의거 법원에 의해 공판절차에 의한 재판이 진행되게 되거나 동법 제453조에 의해 정식재판이 청구되는 경우 ④ 경찰 조사 후 불송치 된 경우(단, 타인을 사망하게 한 경우 또는","- 타인의 사망 또는 ① 내지 ③에 해당하는 경우 : 5,000만원 한도- ④ 내지 ⑤에 해당하는 경우 : · 1~3급 : 5,000만원 한도 · 4~7급 : 3,000만원 한도, · 8~14급 : 1,000만원 한도- ⑥ 내지 ⑦에 해당하는 경우 : 3,000만원 한도",,,,,,,,,,file_42.xls,,,,자동차사고 변호사선임비용Ⅶ(경찰조사포함),"자동차 운전중 교통사고로 타인을 사망에 이르게 하거나 「자동차사고 부상 등급표」에서 정한 상해등급에 해당하는 상해를 입혀 아래의 ① 내지 ⑦로 인해 발생한 변호사선임비용 중 실제로 부담한 금액을 1사고마다 약관에 정해진 한도로 보상① 구속영장에 의해 구속된 경우 ② 검사에 의해 공소제기(단, 약식기소 제외)된 경우 ③ 검사에 의해 약식기소 되었으나, 형사소송법 제450조에 의거 법원에 의해 공판절차에 의한 재판이 진행되게 되거나 동법 제453조에 의해 정식재판이 청구되는 경우 ④ 경찰 조사 후 불송치 된 경우(단, 타인을 사망하게 한 경우 또는","- 타인의 사망 또는 ① 내지 ③에 해당하는 경우 : 5,000만원 한도- ④ 내지 ⑤에 해당하는 경우 : · 1~3급 : 5,000만원 한도 · 4~7급 : 3,000만원 한도, · 8~14급 : 1,000만원 한도- ⑥ 내지 ⑦에 해당하는 경우 : 3,000만원 한도",,,,
,,,심급별 자동차사고 변호사선임비용Ⅶ(경찰조사포함)(비탑승중Ⅱ 포함),"자동차 운전후 비탑승 상태에서 교통사고로 타인을 사망에 이르게 하거나 「자동차사고 부상 등급표」에서 정한 상해등급에 해당하는 상해를 입혀 아래의 ① 내지 ⑦로 인해 발생한 변호사선임비용 중 실제로 부담한 금액을 1사고마다 약관에 정해진 한도로 보상① 구속영장에 의해 구속된 경우② 검사에 의해 공소제기(단, 약식기소 제외) 된 경우③ 검사에 의해 약식기소 되었으나, 형사소송법 제450조에 의거 법원에 의해 공판절차에 의한 재판이 진행되게 되거나 동법 제453조에 의해 정식재판이 청구되는 경우④ 경찰 조사 후 불송치 된 경우(단, 타인을 사망하게 한 경우에 한함)⑤ 검찰에 의해 약식기소 또는 불기소 처분이 있는 경우(단, 타인을 사망하게 한 경우에 한함)⑥ 「자동차사고 부상 등급표」에서 정한 상해등급 1급~ 3급에 해당하는 상해를 입히고 경찰 조사 후 불송치 된 경우(단, 타인을 사망하게 한 경우 또는",- 타인을 사망하게 하여 ④ 내지 ⑤에 해당하는 경우 : · 1심(경찰조사포함) 500만원한도- 타인을 사망하게 하거나 타인의 신체에 상해를 입혀 ① 내지 ③에 해당하는 경우 : 1심(경찰조사포함) 500만원 한도 · 항소심(2심) 500만원 한도 · 상고심(3심) 500만원 한도- 타인의 신체에 상해를 입혀 ⑥ 내지 ⑦에 해당하는 경우 : 1심(경찰조사포함) 500만원 한도,,,,,,,,,,file_42.xls,,,,심급별 자동차사고 변호사선임비용Ⅶ(경찰조사포함)(비탑승중Ⅱ 포함),"자동차 운전후 비탑승 상태에서 교통사고로 타인을 사망에 이르게 하거나 「자동차사고 부상 등급표」에서 정한 상해등급에 해당하는 상해를 입혀 아래의 ① 내지 ⑦로 인해 발생한 변호사선임비용 중 실제로 부담한 금액을 1사고마다 약관에 정해진 한도로 보상① 구속영장에 의해 구속된 경우② 검사에 의해 공소제기(단, 약식기소 제외) 된 경우③ 검사에 의해 약식기소 되었으나, 형사소송법 제450조에 의거 법원에 의해 공판절차에 의한 재판이 진행되게 되거나 동법 제453조에 의해 정식재판이 청구되는 경우④ 경찰 조사 후 불송치 된 경우(단, 타인을 사망하게 한 경우에 한함)⑤ 검찰에 의해 약식기소 또는 불기소 처분이 있는 경우(단, 타인을 사망하게 한 경우에 한함)⑥ 「자동차사고 부상 등급표」에서 정한 상해등급 1급~ 3급에 해당하는 상해를 입히고 경찰 조사 후 불송치 된 경우(단, 타인을 사망하게 한 경우 또는",- 타인을 사망하게 하여 ④ 내지 ⑤에 해당하는 경우 : · 1심(경찰조사포함) 500만원한도- 타인을 사망하게 하거나 타인의 신체에 상해를 입혀 ① 내지 ③에 해당하는 경우 : 1심(경찰조사포함) 500만원 한도 · 항소심(2심) 500만원 한도 · 상고심(3심) 500만원 한도- 타인의 신체에 상해를 입혀 ⑥ 내지 ⑦에 해당하는 경우 : 1심(경찰조사포함) 500만원 한도,,,,
,,,"자동차사고부상(비운전중,1-7급)",비운전중 자동차사고로 발생한 상해로 자동차손해배상보장법 시행령 제3조에 정한 상해 1급 내지 7급을 받은 경우,5백만원,,,,,,,,,,file_42.xls,,,,"자동차사고부상(비운전중,1-7급)",비운전중 자동차사고로 발생한 상해로 자동차손해배상보장법 시행령 제3조에 정한 상해 1급 내지 7급을 받은 경우,5백만원,,,,
,,,자동차사고벌금(대물),자동차 운전중 사고로 타인의 재물을 손괴하여 도로교통법 제151조(벌칙)에 따른 벌금형을 받은 경우,5백만원,,,,,,,,,,file_42.xls,,,,자동차사고벌금(대물),자동차 운전중 사고로 타인의 재물을 손괴하여 도로교통법 제151조(벌칙)에 따른 벌금형을 받은 경우,5백만원,,,,
,,,"자동차사고벌금Ⅲ(대인,비탑승중포함)",'자동차 운전중' 또는 '자동차 운전 후 비탑승 상태'에서 발생한 사고로 타인의 신체에 상해를 입혀 신체상해와 관련하여 벌금형을 받은 경우,3천만원,,,,,,,,,,file_42.xls,,,,"자동차사고벌금Ⅲ(대인,비탑승중포함)",'자동차 운전중' 또는 '자동차 운전 후 비탑승 상태'에서 발생한 사고로 타인의 신체에 상해를 입혀 신체상해와 관련하여 벌금형을 받은 경우,3천만원,,,,
,,,"자동차사고변호사선임비용Ⅴ(심급별Ⅱ)(특정사고경찰조사포함Ⅱ,비탑승중포함)","○'자동차 운전중' 또는 '자동차 운전 후 비탑승 상태'에서 발생한 사고로 타인의 신체에 상해를 입혀 구속, 기소(약식기소 제외), 약식기소 후 공판회부 또는 약식명령에 불복하여 정식재판을 청구하는 경우○자동차 운전중 타인을 사망하게 한 경우 또는 중대법규위반 교통사고로 타인의 신체에 상해를 입힌 혐의로 경찰 조사 후 불송치된 경우, 검찰에 의해 약식기소 또는 불기소된 경우○자동차 운전 후 비탑승 상태에서 발생한 사고로 타인을 사망하게 한 혐의로 경찰 조사 후 불송치된 경우, 검찰에 의해 약식기소 또는 불기소된 경우○'자동차 운전중' 또는 '자동차 운전 후 비탑승 상태'에서 발생한 일반교통사고로 타인에게 자동차손해배상보장법 시행령 제3조에서 정한 상해1~3급에 해당하는 부상을 입힌 혐의로 경찰 조사 후 불송치된 경우, 검찰에 의해 약식기소 또는 불기소된 경우",1500만원,,,,,,,,,,file_42.xls,,,,"자동차사고변호사선임비용Ⅴ(심급별Ⅱ)(특정사고경찰조사포함Ⅱ,비탑승중포함)","○'자동차 운전중' 또는 '자동차 운전 후 비탑승 상태'에서 발생한 사고로 타인의 신체에 상해를 입혀 구속, 기소(약식기소 제외), 약식기소 후 공판회부 또는 약식명령에 불복하여 정식재판을 청구하는 경우○자동차 운전중 타인을 사망하게 한 경우 또는 중대법규위반 교통사고로 타인의 신체에 상해를 입힌 혐의로 경찰 조사 후 불송치된 경우, 검찰에 의해 약식기소 또는 불기소된 경우○자동차 운전 후 비탑승 상태에서 발생한 사고로 타인을 사망하게 한 혐의로 경찰 조사 후 불송치된 경우, 검찰에 의해 약식기소 또는 불기소된 경우○'자동차 운전중' 또는 '자동차 운전 후 비탑승 상태'에서 발생한 일반교통사고로 타인에게 자동차손해배상보장법 시행령 제3조에서 정한 상해1~3급에 해당하는 부상을 입힌 혐의로 경찰 조사 후 불송치된 경우, 검찰에 의해 약식기소 또는 불기소된 경우",1500만원,,,,
,,,"자동차사고부상(운전자,1-7급)",자동차사고로 발생한 상해로 자동차손해배상보장법 시행령 제3조에 정한 상해 1급 내지 7급을 받은 경우,5백만원,,,,,,,,,,file_42.xls,,,,"자동차사고부상(운전자,1-7급)",자동차사고로 발생한 상해로 자동차손해배상보장법 시행령 제3조에 정한 상해 1급 내지 7급을 받은 경우,5백만원,,,,
,,,자동차사고처리지원금(비탑승중포함),"○ '자동차 운전중' 또는 '자동차 운전 후 비탑승 상태'에서 발생한 사고로 타인(피보험자의 부모, 배우자 및 자녀제외)을 사망케하거나 아래와 같은 상해를 입힌 경우○ 자동차 운전중 “중대법규 위반교통사고”로 42일이상 치료를 요한다는 진단받은 경우○ '자동차 운전중' 또는 '자동차 운전 후 비탑승 상태'에서 발생한 “일반교통사고”로 중상해를 입혀 형법 제258조 제1항 또는 제2항, 형법 제268조, 교통사고처리특례법 제3조에 따라 공소제기되거나 자동차손해배상보장법 시행령 제3조에서 정한 상해1~3급에 해당하는 부상을 입힌 경우",2억원,,,,,,,,,,file_42.xls,,,,자동차사고처리지원금(비탑승중포함),"○ '자동차 운전중' 또는 '자동차 운전 후 비탑승 상태'에서 발생한 사고로 타인(피보험자의 부모, 배우자 및 자녀제외)을 사망케하거나 아래와 같은 상해를 입힌 경우○ 자동차 운전중 “중대법규 위반교통사고”로 42일이상 치료를 요한다는 진단받은 경우○ '자동차 운전중' 또는 '자동차 운전 후 비탑승 상태'에서 발생한 “일반교통사고”로 중상해를 입혀 형법 제258조 제1항 또는 제2항, 형법 제268조, 교통사고처리특례법 제3조에 따라 공소제기되거나 자동차손해배상보장법 시행령 제3조에서 정한 상해1~3급에 해당하는 부상을 입힌 경우",2억원,,,,
,,,자동차사고벌금(대물),자동차 운전중 사고로 타인의 재물을 손괴하여 도로교통법 제151조(벌칙)에 따른 벌금형을 받은 경우,5백만원,,,,,,,,,,file_42.xls,,,,자동차사고벌금(대물),자동차 운전중 사고로 타인의 재물을 손괴하여 도로교통법 제151조(벌칙)에 따른 벌금형을 받은 경우,5백만원,,,,
,,,"자동차사고벌금Ⅲ(대인,비탑승중포함)",'자동차 운전중' 또는 '자동차 운전 후 비탑승 상태'에서 발생한 사고로 타인의 신체에 상해를 입혀 신체상해와 관련하여 벌금형을 받은 경우,3천만원,,,,,,,,,,file_42.xls,,,,"자동차사고벌금Ⅲ(대인,비탑승중포함)",'자동차 운전중' 또는 '자동차 운전 후 비탑승 상태'에서 발생한 사고로 타인의 신체에 상해를 입혀 신체상해와 관련하여 벌금형을 받은 경우,3천만원,,,,
,,,"자동차사고변호사선임비용Ⅴ(심급별Ⅱ)(특정사고경찰조사포함Ⅱ,비탑승중포함)","○'자동차 운전중' 또는 '자동차 운전 후 비탑승 상태'에서 발생한 사고로 타인의 신체에 상해를 입혀 구속, 기소(약식기소 제외), 약식기소 후 공판회부 또는 약식명령에 불복하여 정식재판을 청구하는 경우○자동차 운전중 타인을 사망하게 한 경우 또는 중대법규위반 교통사고로 타인의 신체에 상해를 입힌 혐의로 경찰 조사 후 불송치된 경우, 검찰에 의해 약식기소 또는 불기소된 경우○자동차 운전 후 비탑승 상태에서 발생한 사고로 타인을 사망하게 한 혐의로 경찰 조사 후 불송치된 경우, 검찰에 의해 약식기소 또는 불기소된 경우○'자동차 운전중' 또는 '자동차 운전 후 비탑승 상태'에서 발생한 일반교통사고로 타인에게 자동차손해배상보장법 시행령 제3조에서 정한 상해1~3급에 해당하는 부상을 입힌 혐의로 경찰 조사 후 불송치된 경우, 검찰에 의해 약식기소 또는 불기소된 경우",1500만원,,,,,,,,,,file_42.xls,,,,"자동차사고변호사선임비용Ⅴ(심급별Ⅱ)(특정사고경찰조사포함Ⅱ,비탑승중포함)","○'자동차 운전중' 또는 '자동차 운전 후 비탑승 상태'에서 발생한 사고로 타인의 신체에 상해를 입혀 구속, 기소(약식기소 제외), 약식기소 후 공판회부 또는 약식명령에 불복하여 정식재판을 청구하는 경우○자동차 운전중 타인을 사망하게 한 경우 또는 중대법규위반 교통사고로 타인의 신체에 상해를 입힌 혐의로 경찰 조사 후 불송치된 경우, 검찰에 의해 약식기소 또는 불기소된 경우○자동차 운전 후 비탑승 상태에서 발생한 사고로 타인을 사망하게 한 혐의로 경찰 조사 후 불송치된 경우, 검찰에 의해 약식기소 또는 불기소된 경우○'자동차 운전중' 또는 '자동차 운전 후 비탑승 상태'에서 발생한 일반교통사고로 타인에게 자동차손해배상보장법 시행령 제3조에서 정한 상해1~3급에 해당하는 부상을 입힌 혐의로 경찰 조사 후 불송치된 경우, 검찰에 의해 약식기소 또는 불기소된 경우",1500만원,,,,
,,,"자동차사고부상(운전자,1-7급)",자동차사고로 발생한 상해로 자동차손해배상보장법 시행령 제3조에 정한 상해 1급 내지 7급을 받은 경우,5백만원,,,,,,,,,,file_42.xls,,,,"자동차사고부상(운전자,1-7급)",자동차사고로 발생한 상해로 자동차손해배상보장법 시행령 제3조에 정한 상해 1급 내지 7급을 받은 경우,5백만원,,,,
,,,자동차사고처리지원금(비탑승중포함),"○ '자동차 운전중' 또는 '자동차 운전 후 비탑승 상태'에서 발생한 사고로 타인(피보험자의 부모, 배우자 및 자녀제외)을 사망케하거나 아래와 같은 상해를 입힌 경우○ 자동차 운전중 “중대법규 위반교통사고”로 42일이상 치료를 요한다는 진단받은 경우○ '자동차 운전중' 또는 '자동차 운전 후 비탑승 상태'에서 발생한 “일반교통사고”로 중상해를 입혀 형법 제258조 제1항 또는 제2항, 형법 제268조, 교통사고처리특례법 제3조에 따라 공소제기되거나 자동차손해배상보장법 시행령 제3조에서 정한 상해1~3급에 해당하는 부상을 입힌 경우",2억원,,,,,,,,,,file_42.xls,,,,자동차사고처리지원금(비탑승중포함),"○ '자동차 운전중' 또는 '자동차 운전 후 비탑승 상태'에서 발생한 사고로 타인(피보험자의 부모, 배우자 및 자녀제외)을 사망케하거나 아래와 같은 상해를 입힌 경우○ 자동차 운전중 “중대법규 위반교통사고”로 42일이상 치료를 요한다는 진단받은 경우○ '자동차 운전중' 또는 '자동차 운전 후 비탑승 상태'에서 발생한 “일반교통사고”로 중상해를 입혀 형법 제258조 제1항 또는 제2항, 형법 제268조, 교통사고처리특례법 제3조에 따라 공소제기되거나 자동차손해배상보장법 시행령 제3조에서 정한 상해1~3급에 해당하는 부상을 입힌 경우",2억원,,,,
,,,"자동차사고부상(비운전중,1-7급)",비운전중 자동차사고로 발생한 상해로 자동차손해배상보장법 시행령 제3조에 정한 상해 1급 내지 7급을 받은 경우,2000만원,,,,,,,,,,file_42.xls,,,,"자동차사고부상(비운전중,1-7급)",비운전중 자동차사고로 발생한 상해로 자동차손해배상보장법 시행령 제3조에 정한 상해 1급 내지 7급을 받은 경우,2000만원,,,,
,,,자동차사고부상Ⅱ(비운전중)(1-2급),비운전중 자동차사고로 발생한 상해로 자동차손해배상보장법 시행령 제3조에 정한 상해등급 1급 내지 2급을 받은 경우,5000만원,,,,,,,,,,file_42.xls,,,,자동차사고부상Ⅱ(비운전중)(1-2급),비운전중 자동차사고로 발생한 상해로 자동차손해배상보장법 시행령 제3조에 정한 상해등급 1급 내지 2급을 받은 경우,5000만원,,,,
,,,자동차사고부상Ⅱ(비운전중)(3-4급),비운전중 자동차사고로 발생한 상해로 자동차손해배상보장법 시행령 제3조에 정한 상해등급 3급 내지 4급을 받은 경우,1800만원,,,,,,,,,,file_42.xls,,,,자동차사고부상Ⅱ(비운전중)(3-4급),비운전중 자동차사고로 발생한 상해로 자동차손해배상보장법 시행령 제3조에 정한 상해등급 3급 내지 4급을 받은 경우,1800만원,,,,
,,,자동차사고부상Ⅱ(비운전중)(5-14급),비운전중 자동차사고로 발생한 상해로 자동차손해배상보장법 시행령 제3조에 정한 상해등급 5급 내지 14급을 받은 경우,450만원,,,,,,,,,,file_42.xls,,,,자동차사고부상Ⅱ(비운전중)(5-14급),비운전중 자동차사고로 발생한 상해로 자동차손해배상보장법 시행령 제3조에 정한 상해등급 5급 내지 14급을 받은 경우,450만원,,,,
,,,자동차사고벌금(대물),자동차 운전중 사고로 타인의 재물을 손괴하여 도로교통법 제151조(벌칙)에 따른 벌금형이 확정된 경우,500만원,,,,,,,,,,file_42.xls,,,,자동차사고벌금(대물),자동차 운전중 사고로 타인의 재물을 손괴하여 도로교통법 제151조(벌칙)에 따른 벌금형이 확정된 경우,500만원,,,,
,,,"자동차사고벌금Ⅲ(대인,비탑승중포함)",'자동차 운전중' 또는 '자동차 운전 후 비탑승 상태'에서 발생한 사고로 타인의 신체에 상해를 입혀 신체상해와 관련하여 벌금형을 받은 경우,3000만원,,,,,,,,,,file_42.xls,,,,"자동차사고벌금Ⅲ(대인,비탑승중포함)",'자동차 운전중' 또는 '자동차 운전 후 비탑승 상태'에서 발생한 사고로 타인의 신체에 상해를 입혀 신체상해와 관련하여 벌금형을 받은 경우,3000만원,,,,
,,,"자동차사고변호사선임비용Ⅴ(심급별Ⅱ)(특정사고경찰조사포함Ⅱ,비탑승중포함)","○'자동차 운전중' 또는 '자동차 운전 후 비탑승 상태'에서 발생한 사고로 타인의 신체에 상해를 입혀 구속, 기소(약식기소 제외), 약식기소 후 공판회부 또는 약식명령에 불복하여 정식재판을 청구하는 경우○자동차 운전중 타인을 사망하게 한 경우 또는 중대법규위반 교통사고로 타인의 신체에 상해를 입힌 혐의로 경찰 조사 후 불송치된 경우, 검찰에 의해 약식기소 또는 불기소된 경우○자동차 운전 후 비탑승 상태에서 발생한 사고로 타인을 사망하게 한 혐의로 경찰 조사 후 불송치된 경우, 검찰에 의해 약식기소 또는 불기소된 경우○'자동차 운전중' 또는 '자동차 운전 후 비탑승 상태'에서 발생한 일반교통사고로 타인에게 자동차손해배상보장법 시행령 제3조에서 정한 상해1~3급에 해당하는 부상을 입힌 혐의로 경찰 조사 후 불송치된 경우, 검찰에 의해 약식기소 또는 불기소된 경우",1500만원,,,,,,,,,,file_42.xls,,,,"자동차사고변호사선임비용Ⅴ(심급별Ⅱ)(특정사고경찰조사포함Ⅱ,비탑승중포함)","○'자동차 운전중' 또는 '자동차 운전 후 비탑승 상태'에서 발생한 사고로 타인의 신체에 상해를 입혀 구속, 기소(약식기소 제외), 약식기소 후 공판회부 또는 약식명령에 불복하여 정식재판을 청구하는 경우○자동차 운전중 타인을 사망하게 한 경우 또는 중대법규위반 교통사고로 타인의 신체에 상해를 입힌 혐의로 경찰 조사 후 불송치된 경우, 검찰에 의해 약식기소 또는 불기소된 경우○자동차 운전 후 비탑승 상태에서 발생한 사고로 타인을 사망하게 한 혐의로 경찰 조사 후 불송치된 경우, 검찰에 의해 약식기소 또는 불기소된 경우○'자동차 운전중' 또는 '자동차 운전 후 비탑승 상태'에서 발생한 일반교통사고로 타인에게 자동차손해배상보장법 시행령 제3조에서 정한 상해1~3급에 해당하는 부상을 입힌 혐의로 경찰 조사 후 불송치된 경우, 검찰에 의해 약식기소 또는 불기소된 경우",1500만원,,,,
,,,"자동차사고부상(운전자,1-7급)",자동차사고로 발생한 상해로 자동차손해배상보장법 시행령 제3조에 정한 상해 1급 내지 7급을 받은 경우,2000만원,,,,,,,,,,file_42.xls,,,,"자동차사고부상(운전자,1-7급)",자동차사고로 발생한 상해로 자동차손해배상보장법 시행령 제3조에 정한 상해 1급 내지 7급을 받은 경우,2000만원,,,,
,,,자동차사고처리지원금(비탑승중포함)(사망),"'자동차 운전중' 또는 '자동차 운전 후 비탑승 상태'에서 발생한 사고로 타인(피보험자의 부모, 배우자 및 자녀제외)을 사망하게 한 경우",2억원,,,,,,,,,,file_42.xls,,,,자동차사고처리지원금(비탑승중포함)(사망),"'자동차 운전중' 또는 '자동차 운전 후 비탑승 상태'에서 발생한 사고로 타인(피보험자의 부모, 배우자 및 자녀제외)을 사망하게 한 경우",2억원,,,,
,,,자동차사고처리지원금(비탑승중포함)(중과실),"자동차 운전중 “중대법규 위반교통사고”로  타인(피보험자의 부모, 배우자 및 자녀제외)이 42일이상 치료를 요한다는 진단받은 경우",1억5000만원,,,,,,,,,,file_42.xls,,,,자동차사고처리지원금(비탑승중포함)(중과실),"자동차 운전중 “중대법규 위반교통사고”로  타인(피보험자의 부모, 배우자 및 자녀제외)이 42일이상 치료를 요한다는 진단받은 경우",1억5000만원,,,,
,,,자동차사고처리지원금(비탑승중포함)(중상해),"'자동차 운전중' 또는 '자동차 운전 후 비탑승 상태'에서 발생한 ‘일반교통사고’로 타인(피보험자의 부모, 배우자 및 자녀제외)에게 중상해를 입히거나 자동차손해배상보장법 시행령 제3조에서 정한 상해1~3급에 해당하는 부상을 입힌 경우",2억원,,,,,,,,,,file_42.xls,,,,자동차사고처리지원금(비탑승중포함)(중상해),"'자동차 운전중' 또는 '자동차 운전 후 비탑승 상태'에서 발생한 ‘일반교통사고’로 타인(피보험자의 부모, 배우자 및 자녀제외)에게 중상해를 입히거나 자동차손해배상보장법 시행령 제3조에서 정한 상해1~3급에 해당하는 부상을 입힌 경우",2억원,,,,
,,,자동차사고벌금(대물),자동차 운전중 사고로 타인의 재물을 손괴하여 도로교통법 제151조(벌칙)에 따른 벌금형이 확정된 경우,500만원,,,,,,,,,,file_42.xls,,,,자동차사고벌금(대물),자동차 운전중 사고로 타인의 재물을 손괴하여 도로교통법 제151조(벌칙)에 따른 벌금형이 확정된 경우,500만원,,,,
,,,"자동차사고벌금Ⅲ(대인,비탑승중포함)",'자동차 운전중' 또는 '자동차 운전 후 비탑승 상태'에서 발생한 사고로 타인의 신체에 상해를 입혀 신체상해와 관련하여 벌금형을 받은 경우,3000만원,,,,,,,,,,file_42.xls,,,,"자동차사고벌금Ⅲ(대인,비탑승중포함)",'자동차 운전중' 또는 '자동차 운전 후 비탑승 상태'에서 발생한 사고로 타인의 신체에 상해를 입혀 신체상해와 관련하여 벌금형을 받은 경우,3000만원,,,,
,,,"자동차사고변호사선임비용Ⅴ(심급별Ⅱ)(특정사고경찰조사포함Ⅱ,비탑승중포함)","○'자동차 운전중' 또는 '자동차 운전 후 비탑승 상태'에서 발생한 사고로 타인의 신체에 상해를 입혀 구속, 기소(약식기소 제외), 약식기소 후 공판회부 또는 약식명령에 불복하여 정식재판을 청구하는 경우○자동차 운전중 타인을 사망하게 한 경우 또는 중대법규위반 교통사고로 타인의 신체에 상해를 입힌 혐의로 경찰 조사 후 불송치된 경우, 검찰에 의해 약식기소 또는 불기소된 경우○자동차 운전 후 비탑승 상태에서 발생한 사고로 타인을 사망하게 한 혐의로 경찰 조사 후 불송치된 경우, 검찰에 의해 약식기소 또는 불기소된 경우○'자동차 운전중' 또는 '자동차 운전 후 비탑승 상태'에서 발생한 일반교통사고로 타인에게 자동차손해배상보장법 시행령 제3조에서 정한 상해1~3급에 해당하는 부상을 입힌 혐의로 경찰 조사 후 불송치된 경우, 검찰에 의해 약식기소 또는 불기소된 경우",1500만원,,,,,,,,,,file_42.xls,,,,"자동차사고변호사선임비용Ⅴ(심급별Ⅱ)(특정사고경찰조사포함Ⅱ,비탑승중포함)","○'자동차 운전중' 또는 '자동차 운전 후 비탑승 상태'에서 발생한 사고로 타인의 신체에 상해를 입혀 구속, 기소(약식기소 제외), 약식기소 후 공판회부 또는 약식명령에 불복하여 정식재판을 청구하는 경우○자동차 운전중 타인을 사망하게 한 경우 또는 중대법규위반 교통사고로 타인의 신체에 상해를 입힌 혐의로 경찰 조사 후 불송치된 경우, 검찰에 의해 약식기소 또는 불기소된 경우○자동차 운전 후 비탑승 상태에서 발생한 사고로 타인을 사망하게 한 혐의로 경찰 조사 후 불송치된 경우, 검찰에 의해 약식기소 또는 불기소된 경우○'자동차 운전중' 또는 '자동차 운전 후 비탑승 상태'에서 발생한 일반교통사고로 타인에게 자동차손해배상보장법 시행령 제3조에서 정한 상해1~3급에 해당하는 부상을 입힌 혐의로 경찰 조사 후 불송치된 경우, 검찰에 의해 약식기소 또는 불기소된 경우",1500만원,,,,
,,,"자동차사고부상(운전자,1-7급)",자동차사고로 발생한 상해로 자동차손해배상보장법 시행령 제3조에 정한 상해 1급 내지 7급을 받은 경우,2000만원,,,,,,,,,,file_42.xls,,,,"자동차사고부상(운전자,1-7급)",자동차사고로 발생한 상해로 자동차손해배상보장법 시행령 제3조에 정한 상해 1급 내지 7급을 받은 경우,2000만원,,,,
,,,자동차사고처리지원금(비탑승중포함)(사망),"'자동차 운전중' 또는 '자동차 운전 후 비탑승 상태'에서 발생한 사고로 타인(피보험자의 부모, 배우자 및 자녀제외)을 사망하게 한 경우",2억원,,,,,,,,,,file_42.xls,,,,자동차사고처리지원금(비탑승중포함)(사망),"'자동차 운전중' 또는 '자동차 운전 후 비탑승 상태'에서 발생한 사고로 타인(피보험자의 부모, 배우자 및 자녀제외)을 사망하게 한 경우",2억원,,,,
,,,자동차사고처리지원금(비탑승중포함)(중과실),"자동차 운전중 “중대법규 위반교통사고”로  타인(피보험자의 부모, 배우자 및 자녀제외)이 42일이상 치료를 요한다는 진단받은 경우",1억5000만원,,,,,,,,,,file_42.xls,,,,자동차사고처리지원금(비탑승중포함)(중과실),"자동차 운전중 “중대법규 위반교통사고”로  타인(피보험자의 부모, 배우자 및 자녀제외)이 42일이상 치료를 요한다는 진단받은 경우",1억5000만원,,,,
,,,자동차사고처리지원금(비탑승중포함)(중상해),"'자동차 운전중' 또는 '자동차 운전 후 비탑승 상태'에서 발생한 ‘일반교통사고’로 타인(피보험자의 부모, 배우자 및 자녀제외)에게 중상해를 입히거나 자동차손해배상보장법 시행령 제3조에서 정한 상해1~3급에 해당하는 부상을 입힌 경우",2억원,,,,,,,,,,file_42.xls,,,,자동차사고처리지원금(비탑승중포함)(중상해),"'자동차 운전중' 또는 '자동차 운전 후 비탑승 상태'에서 발생한 ‘일반교통사고’로 타인(피보험자의 부모, 배우자 및 자녀제외)에게 중상해를 입히거나 자동차손해배상보장법 시행령 제3조에서 정한 상해1~3급에 해당하는 부상을 입힌 경우",2억원,,,,
,,,이륜자동차사고처리지원금,"이륜자동차 운전중 사고로 타인(동승자 및 피보험자의 부모, 배우자 및 자녀제외)을 사망케하거나 아래와 같은 상해를 입힌 경우○“중대법규 위반교통사고”로 42일이상 진단받은 경우○“일반교통사고”로 중상해를 입혀 형법 제258조 제1항 또는 제2항, 형법 제268조, 교통사고처리특례법 제3조에 따라 공소제기되거나 자동차손해배상보장법 시행령 제3조에서 정한 상해1~3급에 해당하는 부상을 입힌 경우",,,,,,,,,,,file_42.xls,,,,이륜자동차사고처리지원금,"이륜자동차 운전중 사고로 타인(동승자 및 피보험자의 부모, 배우자 및 자녀제외)을 사망케하거나 아래와 같은 상해를 입힌 경우○“중대법규 위반교통사고”로 42일이상 진단받은 경우○“일반교통사고”로 중상해를 입혀 형법 제258조 제1항 또는 제2항, 형법 제268조, 교통사고처리특례법 제3조에 따라 공소제기되거나 자동차손해배상보장법 시행령 제3조에서 정한 상해1~3급에 해당하는 부상을 입힌 경우",,,,,
,,,자동차사고벌금(대물),자동차 운전중 사고로 타인의 재물을 손괴하여 도로교통법 제151조(벌칙)에 따른 벌금형이 확정된 경우,5백만원,,,,,,,,,,file_42.xls,,,,자동차사고벌금(대물),자동차 운전중 사고로 타인의 재물을 손괴하여 도로교통법 제151조(벌칙)에 따른 벌금형이 확정된 경우,5백만원,,,,
,,,자동차사고벌금Ⅱ(대인),자동차 운전중 사고로 타인의 신체에 상해를 입혀 신체상해와 관련하여 벌금형을 받은 경우,3천만원,,,,,,,,,,file_42.xls,,,,자동차사고벌금Ⅱ(대인),자동차 운전중 사고로 타인의 신체에 상해를 입혀 신체상해와 관련하여 벌금형을 받은 경우,3천만원,,,,
,,,자동차사고변호사선임비용Ⅴ(심급별Ⅱ)(특정경찰조사포함Ⅱ),"○ 자동차 운전중 발생한 사고로 타인의 신체에 상해를 입혀 구속, 기소(약식기소 제외), 약식기소 후 공판회부, 약식명령에 불복하여 정식재판을 청구하는 경우○ 자동차 운전중 발생한 사고로 타인을 사망하게 한 경우 또는 중대법규위반 교통사고로 타인의 신체에 상해를 입힌 혐의로 경찰 조사 후 불송치된 경우, 검찰에 의해 약식기소 또는 불기소된 경우○ 자동차 운전중 발생한 일반교통사고로 타인에게 자동차손해배상보장법 시행령 제3조에서 정한 상해1~3급에 해당하는 부상을 입힌 혐의로 경찰 조사 후 불송치된 경우, 검찰에 의해 약식기소 또는 불기소된 경우",1천5백만원,,,,,,,,,,file_42.xls,,,,자동차사고변호사선임비용Ⅴ(심급별Ⅱ)(특정경찰조사포함Ⅱ),"○ 자동차 운전중 발생한 사고로 타인의 신체에 상해를 입혀 구속, 기소(약식기소 제외), 약식기소 후 공판회부, 약식명령에 불복하여 정식재판을 청구하는 경우○ 자동차 운전중 발생한 사고로 타인을 사망하게 한 경우 또는 중대법규위반 교통사고로 타인의 신체에 상해를 입힌 혐의로 경찰 조사 후 불송치된 경우, 검찰에 의해 약식기소 또는 불기소된 경우○ 자동차 운전중 발생한 일반교통사고로 타인에게 자동차손해배상보장법 시행령 제3조에서 정한 상해1~3급에 해당하는 부상을 입힌 혐의로 경찰 조사 후 불송치된 경우, 검찰에 의해 약식기소 또는 불기소된 경우",1천5백만원,,,,
,,,자동차사고벌금(대물),자동차 운전중 사고로 타인의 재물을 손괴하여 도로교통법 제151조(벌칙)에 따른 벌금형이 확정된 경우,5백만원,,,,,,,,,,file_42.xls,,,,자동차사고벌금(대물),자동차 운전중 사고로 타인의 재물을 손괴하여 도로교통법 제151조(벌칙)에 따른 벌금형이 확정된 경우,5백만원,,,,
,,,"자동차사고벌금Ⅲ(대인,비탑승중포함)",자동차 운전중 발생한 사고 또는 자동차 운전 후 비탑승 상태에서 발생한 사고로 타인의 신체에 상해를 입혀 신체상해와 관련하여 벌금형을 받은 경우,3천만원,,,,,,,,,,file_42.xls,,,,"자동차사고벌금Ⅲ(대인,비탑승중포함)",자동차 운전중 발생한 사고 또는 자동차 운전 후 비탑승 상태에서 발생한 사고로 타인의 신체에 상해를 입혀 신체상해와 관련하여 벌금형을 받은 경우,3천만원,,,,
,,,"자동차사고변호사선임비용Ⅴ(심급별Ⅱ)(특정경찰조사포함Ⅱ,비탑승중포함)","자동차 운전중 발생한 사고 또는 자동차 운전 후 비탑승 상태에서 발생한 사고로 타인의 신체에 상해를 입혀 구속, 기소(약식기소 제외), 약식기소 후 공판회부, 약식명령에 불복하여 정식재판을 청구하는 경우",1천5백만원,,,,,,,,,,file_42.xls,,,,"자동차사고변호사선임비용Ⅴ(심급별Ⅱ)(특정경찰조사포함Ⅱ,비탑승중포함)","자동차 운전중 발생한 사고 또는 자동차 운전 후 비탑승 상태에서 발생한 사고로 타인의 신체에 상해를 입혀 구속, 기소(약식기소 제외), 약식기소 후 공판회부, 약식명령에 불복하여 정식재판을 청구하는 경우",1천5백만원,,,,
,,,자동차사고처리지원금(비탑승중포함),"자동차 운전중 발생한 사고 또는 자동차 운전 후 비탑승 상태에서 발생한 사고로 타인(피보험자의 부모, 배우자 및 자녀제외)을 사망케하거나 상해를 입힌 경우",2억원,,,,,,,,,,file_42.xls,,,,자동차사고처리지원금(비탑승중포함),"자동차 운전중 발생한 사고 또는 자동차 운전 후 비탑승 상태에서 발생한 사고로 타인(피보험자의 부모, 배우자 및 자녀제외)을 사망케하거나 상해를 입힌 경우",2억원,,,,
,,,이륜자동차사고처리지원금,"이륜자동차 운전중 사고로 타인(동승자 및 피보험자의 부모, 배우자 및 자녀제외)을 사망케하거나 아래와 같은 상해를 입힌 경우○“중대법규 위반교통사고”로 42일이상 진단받은 경우○“일반교통사고”로 중상해를 입혀 형법 제258조 제1항 또는 제2항, 형법 제268조, 교통사고처리특례법 제3조에 따라 공소제기되거나 자동차손해배상보장법 시행령 제3조에서 정한 상해1~3급에 해당하는 부상을 입힌 경우",,,,,,,,,,,file_42.xls,,,,이륜자동차사고처리지원금,"이륜자동차 운전중 사고로 타인(동승자 및 피보험자의 부모, 배우자 및 자녀제외)을 사망케하거나 아래와 같은 상해를 입힌 경우○“중대법규 위반교통사고”로 42일이상 진단받은 경우○“일반교통사고”로 중상해를 입혀 형법 제258조 제1항 또는 제2항, 형법 제268조, 교통사고처리특례법 제3조에 따라 공소제기되거나 자동차손해배상보장법 시행령 제3조에서 정한 상해1~3급에 해당하는 부상을 입힌 경우",,,,,
,,,자동차사고벌금(대물),자동차 운전중 사고로 타인의 재물을 손괴하여 도로교통법 제151조(벌칙)에 따른 벌금형이 확정된 경우,5백만원,,,,,,,,,,file_42.xls,,,,자동차사고벌금(대물),자동차 운전중 사고로 타인의 재물을 손괴하여 도로교통법 제151조(벌칙)에 따른 벌금형이 확정된 경우,5백만원,,,,
,,,자동차사고벌금Ⅱ(대인),자동차 운전중 사고로 타인의 신체에 상해를 입혀 신체상해와 관련하여 벌금형을 받은 경우,3천만원,,,,,,,,,,file_42.xls,,,,자동차사고벌금Ⅱ(대인),자동차 운전중 사고로 타인의 신체에 상해를 입혀 신체상해와 관련하여 벌금형을 받은 경우,3천만원,,,,
,,,자동차사고변호사선임비용Ⅴ(심급별Ⅱ)(특정경찰조사포함Ⅱ),"자동차 운전중 사고로 타인의 신체에 상해를 입혀 구속, 기소(약식기소 제외), 약식기소 후 공판회부 또는 약식명령에 불복하여 정식재판을 청구하는 경우",1천5백만원,,,,,,,,,,file_42.xls,,,,자동차사고변호사선임비용Ⅴ(심급별Ⅱ)(특정경찰조사포함Ⅱ),"자동차 운전중 사고로 타인의 신체에 상해를 입혀 구속, 기소(약식기소 제외), 약식기소 후 공판회부 또는 약식명령에 불복하여 정식재판을 청구하는 경우",1천5백만원,,,,
,,,이륜자동차 운전중 교통상해사망,보험기간 중 교통상해사고로 사망시,보험가입금액(최초1회한),,,,,,,,,,file_42.xls,,,,이륜자동차 운전중 교통상해사망,보험기간 중 교통상해사고로 사망시,보험가입금액(최초1회한),,,,
,,,이륜자동차운전중자동차사고부상보장(1~3급),이륜자동차 운전중 교통사고로 신체에 상해를 입고 그 직접결과로써 자동차손해배상보장법 시행령 제3조에서 정한 상해등급(1~3급)을 받은 경우,보험가입금액,,,,,,,,,,file_42.xls,,,,이륜자동차운전중자동차사고부상보장(1~3급),이륜자동차 운전중 교통사고로 신체에 상해를 입고 그 직접결과로써 자동차손해배상보장법 시행령 제3조에서 정한 상해등급(1~3급)을 받은 경우,보험가입금액,,,,
,,,자동차사고 변호사선임비용손해Ⅲ(경찰조사포함)(비탑승중포함)(운전자),"자동차 운전중 또는 운전 후 비탑승 상태에서 교통사고로 타인의 신체에 상해를 입힘으로써 구속되거나 공소제기(약식기소 제외) 된 경우, 약식기소 되었으나 법원에 의해 보통의 심판절차인 공판절차에 의해 재판이 진행되게 된 경우, 약식명령에 대하여 정식재판을 청구한 경우, 타인을 사망하게 하거나 중대법규위반 교통사고로 타인의 신체에 상해를 입혀 경찰조사후 불송치되거나 약식기소 또는 불기소된 경우, 중대법규위반 교통사고에 해당하지 않는 교통사고로 타인의 신체에 부상등급 1~3급에 해당하는 부상을 입혀 경찰조사 후 불송치되거나 약식기소 또는 불기소 된 경우",보험가입금액 한도,,,,,,,,,,file_42.xls,,,,자동차사고 변호사선임비용손해Ⅲ(경찰조사포함)(비탑승중포함)(운전자),"자동차 운전중 또는 운전 후 비탑승 상태에서 교통사고로 타인의 신체에 상해를 입힘으로써 구속되거나 공소제기(약식기소 제외) 된 경우, 약식기소 되었으나 법원에 의해 보통의 심판절차인 공판절차에 의해 재판이 진행되게 된 경우, 약식명령에 대하여 정식재판을 청구한 경우, 타인을 사망하게 하거나 중대법규위반 교통사고로 타인의 신체에 상해를 입혀 경찰조사후 불송치되거나 약식기소 또는 불기소된 경우, 중대법규위반 교통사고에 해당하지 않는 교통사고로 타인의 신체에 부상등급 1~3급에 해당하는 부상을 입혀 경찰조사 후 불송치되거나 약식기소 또는 불기소 된 경우",보험가입금액 한도,,,,
,,,자동차사고벌금(대물)(운전자),자동차 운전 중 교통사고로 도로교통법 제151조(벌칙)에 따른 벌금형이 확정된 경우,,,,,,,,,,,file_42.xls,,,,자동차사고벌금(대물)(운전자),자동차 운전 중 교통사고로 도로교통법 제151조(벌칙)에 따른 벌금형이 확정된 경우,,,,,
,,,자동차사고벌금Ⅱ(비탑승중포함)(스쿨존사고 3천만원한도)(운전자),자동차 운전중 또는 운전 후 비탑승 상태에서 교통사고로 타인의 신체에 상해를 입힘으로써 확정판결로 벌금을 부담하는 경우,,,,,,,,,,,file_42.xls,,,,자동차사고벌금Ⅱ(비탑승중포함)(스쿨존사고 3천만원한도)(운전자),자동차 운전중 또는 운전 후 비탑승 상태에서 교통사고로 타인의 신체에 상해를 입힘으로써 확정판결로 벌금을 부담하는 경우,,,,,
,,,자동차사고 변호사선임비용손해Ⅲ(경찰조사포함)(비탑승중포함)(운전자),"자동차 운전중 또는 운전 후 비탑승 상태에서 교통사고로 타인의 신체에 상해를 입힘으로써 구속되거나 공소제기(약식기소 제외) 된 경우, 약식기소 되었으나 법원에 의해 보통의 심판절차인 공판절차에 의해 재판이 진행되게 된 경우, 약식명령에 대하여 정식재판을 청구한 경우, 타인을 사망하게 하거나 중대법규위반 교통사고로 타인의 신체에 상해를 입혀 경찰조사후 불송치되거나 약식기소 또는 불기소된 경우, 중대법규위반 교통사고에 해당하지 않는 교통사고로 타인의 신체에 부상등급 1~3급에 해당하는 부상을 입혀 경찰조사 후 불송치되거나 약식기소 또는 불기소 된 경우",보험가입금액 한도,,,,,,,,,,file_42.xls,,,,자동차사고 변호사선임비용손해Ⅲ(경찰조사포함)(비탑승중포함)(운전자),"자동차 운전중 또는 운전 후 비탑승 상태에서 교통사고로 타인의 신체에 상해를 입힘으로써 구속되거나 공소제기(약식기소 제외) 된 경우, 약식기소 되었으나 법원에 의해 보통의 심판절차인 공판절차에 의해 재판이 진행되게 된 경우, 약식명령에 대하여 정식재판을 청구한 경우, 타인을 사망하게 하거나 중대법규위반 교통사고로 타인의 신체에 상해를 입혀 경찰조사후 불송치되거나 약식기소 또는 불기소된 경우, 중대법규위반 교통사고에 해당하지 않는 교통사고로 타인의 신체에 부상등급 1~3급에 해당하는 부상을 입혀 경찰조사 후 불송치되거나 약식기소 또는 불기소 된 경우",보험가입금액 한도,,,,
,,,자동차사고벌금(대물)(운전자),자동차 운전 중 교통사고로 도로교통법 제151조(벌칙)에 따른 벌금형이 확정된 경우,,,,,,,,,,,file_42.xls,,,,자동차사고벌금(대물)(운전자),자동차 운전 중 교통사고로 도로교통법 제151조(벌칙)에 따른 벌금형이 확정된 경우,,,,,
,,,자동차사고벌금Ⅱ(비탑승중포함)(스쿨존사고 3천만원한도)(운전자),자동차 운전중 또는 운전 후 비탑승 상태에서 교통사고로 타인의 신체에 상해를 입힘으로써 확정판결로 벌금을 부담하는 경우,,,,,,,,,,,file_42.xls,,,,자동차사고벌금Ⅱ(비탑승중포함)(스쿨존사고 3천만원한도)(운전자),자동차 운전중 또는 운전 후 비탑승 상태에서 교통사고로 타인의 신체에 상해를 입힘으로써 확정판결로 벌금을 부담하는 경우,,,,,
,,,이륜자동차 운전중 교통상해사망,보험기간 중 교통상해사고로 사망시,보험가입금액(최초1회한),,,,,,,,,,file_42.xls,,,,이륜자동차 운전중 교통상해사망,보험기간 중 교통상해사고로 사망시,보험가입금액(최초1회한),,,,
,,,이륜자동차운전중자동차사고부상보장(1~3급),이륜자동차 운전중 교통사고로 신체에 상해를 입고 그 직접결과로써 자동차손해배상보장법 시행령 제3조에서 정한 상해등급(1~3급)을 받은 경우,보험가입금액,,,,,,,,,,file_42.xls,,,,이륜자동차운전중자동차사고부상보장(1~3급),이륜자동차 운전중 교통사고로 신체에 상해를 입고 그 직접결과로써 자동차손해배상보장법 시행령 제3조에서 정한 상해등급(1~3급)을 받은 경우,보험가입금액,,,,
,,,자동차사고 변호사선임비용손해Ⅲ(경찰조사포함)(비탑승중포함)(운전자),"자동차 운전중 또는 운전 후 비탑승 상태에서 교통사고로 타인의 신체에 상해를 입힘으로써 구속되거나 공소제기(약식기소 제외) 된 경우, 약식기소 되었으나 법원에 의해 보통의 심판절차인 공판절차에 의해 재판이 진행되게 된 경우, 약식명령에 대하여 정식재판을 청구한 경우, 타인을 사망하게 하거나 중대법규위반 교통사고로 타인의 신체에 상해를 입혀 경찰조사후 불송치되거나 약식기소 또는 불기소된 경우, 중대법규위반 교통사고에 해당하지 않는 교통사고로 타인의 신체에 부상등급 1~3급에 해당하는 부상을 입혀 경찰조사 후 불송치되거나 약식기소 또는 불기소 된 경우",보험가입금액 한도,,,,,,,,,,file_42.xls,,,,자동차사고 변호사선임비용손해Ⅲ(경찰조사포함)(비탑승중포함)(운전자),"자동차 운전중 또는 운전 후 비탑승 상태에서 교통사고로 타인의 신체에 상해를 입힘으로써 구속되거나 공소제기(약식기소 제외) 된 경우, 약식기소 되었으나 법원에 의해 보통의 심판절차인 공판절차에 의해 재판이 진행되게 된 경우, 약식명령에 대하여 정식재판을 청구한 경우, 타인을 사망하게 하거나 중대법규위반 교통사고로 타인의 신체에 상해를 입혀 경찰조사후 불송치되거나 약식기소 또는 불기소된 경우, 중대법규위반 교통사고에 해당하지 않는 교통사고로 타인의 신체에 부상등급 1~3급에 해당하는 부상을 입혀 경찰조사 후 불송치되거나 약식기소 또는 불기소 된 경우",보험가입금액 한도,,,,
,,,자동차사고벌금(대물)(운전자),자동차 운전 중 교통사고로 도로교통법 제151조(벌칙)에 따른 벌금형이 확정된 경우,,,,,,,,,,,file_42.xls,,,,자동차사고벌금(대물)(운전자),자동차 운전 중 교통사고로 도로교통법 제151조(벌칙)에 따른 벌금형이 확정된 경우,,,,,
,,,자동차사고벌금Ⅱ(비탑승중포함)(스쿨존사고 3천만원한도)(운전자),자동차 운전중 또는 운전 후 비탑승 상태에서 교통사고로 타인의 신체에 상해를 입힘으로써 확정판결로 벌금을 부담하는 경우,,,,,,,,,,,file_42.xls,,,,자동차사고벌금Ⅱ(비탑승중포함)(스쿨존사고 3천만원한도)(운전자),자동차 운전중 또는 운전 후 비탑승 상태에서 교통사고로 타인의 신체에 상해를 입힘으로써 확정판결로 벌금을 부담하는 경우,,,,,
,,,자동차사고 변호사선임비용손해Ⅲ(경찰조사포함)(비탑승중포함)(운전자),"자동차 운전중 또는 운전 후 비탑승 상태에서 교통사고로 타인의 신체에 상해를 입힘으로써 구속되거나 공소제기(약식기소 제외) 된 경우, 약식기소 되었으나 법원에 의해 보통의 심판절차인 공판절차에 의해 재판이 진행되게 된 경우, 약식명령에 대하여 정식재판을 청구한 경우, 타인을 사망하게 하거나 중대법규위반 교통사고로 타인의 신체에 상해를 입혀 경찰조사후 불송치되거나 약식기소 또는 불기소된 경우, 중대법규위반 교통사고에 해당하지 않는 교통사고로 타인의 신체에 부상등급 1~3급에 해당하는 부상을 입혀 경찰조사 후 불송치되거나 약식기소 또는 불기소 된 경우",보험가입금액 한도,,,,,,,,,,file_42.xls,,,,자동차사고 변호사선임비용손해Ⅲ(경찰조사포함)(비탑승중포함)(운전자),"자동차 운전중 또는 운전 후 비탑승 상태에서 교통사고로 타인의 신체에 상해를 입힘으로써 구속되거나 공소제기(약식기소 제외) 된 경우, 약식기소 되었으나 법원에 의해 보통의 심판절차인 공판절차에 의해 재판이 진행되게 된 경우, 약식명령에 대하여 정식재판을 청구한 경우, 타인을 사망하게 하거나 중대법규위반 교통사고로 타인의 신체에 상해를 입혀 경찰조사후 불송치되거나 약식기소 또는 불기소된 경우, 중대법규위반 교통사고에 해당하지 않는 교통사고로 타인의 신체에 부상등급 1~3급에 해당하는 부상을 입혀 경찰조사 후 불송치되거나 약식기소 또는 불기소 된 경우",보험가입금액 한도,,,,
,,,자동차사고벌금(대물)(운전자),자동차 운전 중 교통사고로 도로교통법 제151조(벌칙)에 따른 벌금형이 확정된 경우,,,,,,,,,,,file_42.xls,,,,자동차사고벌금(대물)(운전자),자동차 운전 중 교통사고로 도로교통법 제151조(벌칙)에 따른 벌금형이 확정된 경우,,,,,
,,,자동차사고벌금Ⅱ(비탑승중포함)(스쿨존사고 3천만원한도)(운전자),자동차 운전중 또는 운전 후 비탑승 상태에서 교통사고로 타인의 신체에 상해를 입힘으로써 확정판결로 벌금을 부담하는 경우,,,,,,,,,,,file_42.xls,,,,자동차사고벌금Ⅱ(비탑승중포함)(스쿨존사고 3천만원한도)(운전자),자동차 운전중 또는 운전 후 비탑승 상태에서 교통사고로 타인의 신체에 상해를 입힘으로써 확정판결로 벌금을 부담하는 경우,,,,,
,,,자동차사고벌금(대물)(운전자),자동차 운전 중 교통사고로 도로교통법 제151조(벌칙)에 따른 벌금형이 확정된 경우,보험가입금액 한도,,,,,,,,,,file_42.xls,,,,자동차사고벌금(대물)(운전자),자동차 운전 중 교통사고로 도로교통법 제151조(벌칙)에 따른 벌금형이 확정된 경우,보험가입금액 한도,,,,
,,,자동차사고벌금Ⅱ(비탑승중포함)(스쿨존사고 3천만원 한도)(운전자),자동차 운전중 또는 운전 후 비탑승 상태에서 교통사고로 타인의 신체에 상해를 입힘으로써 확정판결로 벌금을 부담하는 경우,,,,,,,,,,,file_42.xls,,,,자동차사고벌금Ⅱ(비탑승중포함)(스쿨존사고 3천만원 한도)(운전자),자동차 운전중 또는 운전 후 비탑승 상태에서 교통사고로 타인의 신체에 상해를 입힘으로써 확정판결로 벌금을 부담하는 경우,,,,,
,,,자동차사고변호사선임비용손해Ⅲ(경찰조사포함)(비탑승중포함)(운전자),"자동차 운전중 또는 운전 후 비탑승 상태에서 교통사고로 타인의 신체에 상해를 입힘으로써 구속되거나 공소제기(약식기소 제외) 된 경우, 약식기소 되었으나 법원에 의해 보통의 심판절차인 공판절차에 의해 재판이 진행되게 된 경우, 약식명령에 대하여 정식재판을 청구한 경우, 타인을 사망하게 하거나 중대법규위반 교통사고로 타인의 신체에 상해를 입혀 경찰조사후 불송치되거나 약식기소 또는 불기소된 경우, 중대법규위반 교통사고에 해당하지 않는 교통사고로 타인의 신체에 부상등급 1~3급에 해당하는 부상을 입혀 경찰조사 후 불송치되거나 약식기소 또는 불기소 된 경우",,,,,,,,,,,file_42.xls,,,,자동차사고변호사선임비용손해Ⅲ(경찰조사포함)(비탑승중포함)(운전자),"자동차 운전중 또는 운전 후 비탑승 상태에서 교통사고로 타인의 신체에 상해를 입힘으로써 구속되거나 공소제기(약식기소 제외) 된 경우, 약식기소 되었으나 법원에 의해 보통의 심판절차인 공판절차에 의해 재판이 진행되게 된 경우, 약식명령에 대하여 정식재판을 청구한 경우, 타인을 사망하게 하거나 중대법규위반 교통사고로 타인의 신체에 상해를 입혀 경찰조사후 불송치되거나 약식기소 또는 불기소된 경우, 중대법규위반 교통사고에 해당하지 않는 교통사고로 타인의 신체에 부상등급 1~3급에 해당하는 부상을 입혀 경찰조사 후 불송치되거나 약식기소 또는 불기소 된 경우",,,,,
,,,이륜자동차 운전중 교통상해80%이상후유장해(1회한),피보험자가 보험기간 중 발생한 이륜자동차 운전중 교통상해의 직접결과로써 장해분류표에서 정한 장해지급률이 80%이상에 해당하는 장해상태가 되었을 경우,보험가입금액(1억원),,,,,,,,,,file_42.xls,,,,이륜자동차 운전중 교통상해80%이상후유장해(1회한),피보험자가 보험기간 중 발생한 이륜자동차 운전중 교통상해의 직접결과로써 장해분류표에서 정한 장해지급률이 80%이상에 해당하는 장해상태가 되었을 경우,보험가입금액(1억원),,,,
,,,이륜자동차 운전중 교통상해사망,피보험자가 보험기간 중에 이륜자동차 운전중 사고로 교통상해를 입어 그 직접결과로써 사망한 경우,,,,,,,,,,,file_42.xls,,,,이륜자동차 운전중 교통상해사망,피보험자가 보험기간 중에 이륜자동차 운전중 사고로 교통상해를 입어 그 직접결과로써 사망한 경우,,,,,
,,,이륜자동차 운전중 교통상해80%이상후유장해(1회한),피보험자가 보험기간 중 발생한 이륜자동차 운전중 교통상해의 직접결과로써 장해분류표에서 정한 장해지급률이 80%이상에 해당하는 장해상태가 되었을 경우,보험가입금액(1억원),,,,,,,,,,file_42.xls,,,,이륜자동차 운전중 교통상해80%이상후유장해(1회한),피보험자가 보험기간 중 발생한 이륜자동차 운전중 교통상해의 직접결과로써 장해분류표에서 정한 장해지급률이 80%이상에 해당하는 장해상태가 되었을 경우,보험가입금액(1억원),,,,
,,,이륜자동차 운전중 교통상해사망,피보험자가 보험기간 중에 이륜자동차 운전중 사고로 교통상해를 입어 그 직접결과로써 사망한 경우,,,,,,,,,,,file_42.xls,,,,이륜자동차 운전중 교통상해사망,피보험자가 보험기간 중에 이륜자동차 운전중 사고로 교통상해를 입어 그 직접결과로써 사망한 경우,,,,,
,,,자동차부상치료비(1~7급)Ⅱ,피보험자가 보험기간 중 교통사고로 신체에 상해를 입고 그 직접결과로써 자동차손해배상보장법시행령에서 정한 자동차사고 부상등급표의 부상등급 1~7급을 받은 경우,"보험가입금액(2,800만원)",,,,,,,,,,file_42.xls,,,,자동차부상치료비(1~7급)Ⅱ,피보험자가 보험기간 중 교통사고로 신체에 상해를 입고 그 직접결과로써 자동차손해배상보장법시행령에서 정한 자동차사고 부상등급표의 부상등급 1~7급을 받은 경우,"보험가입금액(2,800만원)",,,,
,,,자동차부상치료비(1~7급)Ⅱ,피보험자가 보험기간 중 교통사고로 신체에 상해를 입고 그 직접결과로써 자동차손해배상보장법시행령에서 정한 자동차사고 부상등급표의 부상등급 1~7급을 받은 경우,"보험가입금액(2,800만원)",,,,,,,,,,file_42.xls,,,,자동차부상치료비(1~7급)Ⅱ,피보험자가 보험기간 중 교통사고로 신체에 상해를 입고 그 직접결과로써 자동차손해배상보장법시행령에서 정한 자동차사고 부상등급표의 부상등급 1~7급을 받은 경우,"보험가입금액(2,800만원)",,,,
,,,자동차부상치료비(1~7급)Ⅱ,피보험자가 보험기간 중 교통사고로 신체에 상해를 입고 그 직접결과로써 자동차손해배상보장법시행령에서 정한 자동차사고 부상등급표의 부상등급 1~7급을 받은 경우,"보험가입금액(2,800만원)",,,,,,,,,,file_42.xls,,,,자동차부상치료비(1~7급)Ⅱ,피보험자가 보험기간 중 교통사고로 신체에 상해를 입고 그 직접결과로써 자동차손해배상보장법시행령에서 정한 자동차사고 부상등급표의 부상등급 1~7급을 받은 경우,"보험가입금액(2,800만원)",,,,
,,,자동차사고벌금(대물),자동차 운전중 교통사고로 도로교통법 제151조(벌칙)에 따른 벌금형이 확정되어 벌금을 부담한 경우 1사고당 보험가입금액 한도로 실제 벌금액을 실손 비례보상,5백만원 한도,,,,,,,,,,file_42.xls,,,,자동차사고벌금(대물),자동차 운전중 교통사고로 도로교통법 제151조(벌칙)에 따른 벌금형이 확정되어 벌금을 부담한 경우 1사고당 보험가입금액 한도로 실제 벌금액을 실손 비례보상,5백만원 한도,,,,
,,,"자동차사고벌금Ⅱ(대인,3천만원한도)(비탑승중포함)",자동차 운전중 또는 자동차 운전 후 비탑승 상태에서 급격하고도 우연한 사고로 타인의 신체에 상해를 입힘으로써 신체상해와 관련하여 벌금을 받은 경우,어린이 보호구역내 교통사고 : 3천만원 한도상기 이외 : 2천만원 한도,,,,,,,,,,file_42.xls,,,,"자동차사고벌금Ⅱ(대인,3천만원한도)(비탑승중포함)",자동차 운전중 또는 자동차 운전 후 비탑승 상태에서 급격하고도 우연한 사고로 타인의 신체에 상해를 입힘으로써 신체상해와 관련하여 벌금을 받은 경우,어린이 보호구역내 교통사고 : 3천만원 한도상기 이외 : 2천만원 한도,,,,
,,,자동차사고변호사선임비(심급별 500만원 한도),자동차 운전중 또는 자동차 운전 후 비탑승 상태에서 급격하고도 우연한 사고로 타인에게 상해를 입혀 변호사를 선임하게 된 경우,1천5백만원 한도(자기부담금 50%),,,,,,,,,,file_42.xls,,,,자동차사고변호사선임비(심급별 500만원 한도),자동차 운전중 또는 자동차 운전 후 비탑승 상태에서 급격하고도 우연한 사고로 타인에게 상해를 입혀 변호사를 선임하게 된 경우,1천5백만원 한도(자기부담금 50%),,,,
,,,자동차사고부상치료비(1~7급),교통사고로 인해 신체에 상해를 입고 그 직접결과로서 자동차손해배상보장법 시행령(약관 참조)에서 정한 자동차사고부상등급표의 상해등급 중 1급~7급을 받은 경우,보험가입금액,,,,,,,,,,file_42.xls,,,,자동차사고부상치료비(1~7급),교통사고로 인해 신체에 상해를 입고 그 직접결과로서 자동차손해배상보장법 시행령(약관 참조)에서 정한 자동차사고부상등급표의 상해등급 중 1급~7급을 받은 경우,보험가입금액,,,,
,,,자동차사고벌금(대물),"자동차 운전중 교통사고로 도로교통법 제151조(벌칙)에 따른 벌금형이 확정되어 벌금을 부담한 경우 1사고당 보험가입금액 한도로 실제 벌금액을 실손 비례보상※ 1사고당 벌금형의 확정 이유가 도로교통법 제151조(벌칙)와 타인의 신체상해와 관련한 벌금 두 가지 사유에 모두 해당하는 경우, 비례보상 대상 계약에 '신체상해와 관련하여 받은 벌금액을 보장하는 계약'도 포함됨",5백만원 한도,,,,,,,,,,file_42.xls,,,,자동차사고벌금(대물),"자동차 운전중 교통사고로 도로교통법 제151조(벌칙)에 따른 벌금형이 확정되어 벌금을 부담한 경우 1사고당 보험가입금액 한도로 실제 벌금액을 실손 비례보상※ 1사고당 벌금형의 확정 이유가 도로교통법 제151조(벌칙)와 타인의 신체상해와 관련한 벌금 두 가지 사유에 모두 해당하는 경우, 비례보상 대상 계약에 '신체상해와 관련하여 받은 벌금액을 보장하는 계약'도 포함됨",5백만원 한도,,,,
,,,"자동차사고벌금Ⅱ(대인,3천만원한도)","자동차 운전 중 교통사고로 타인의 신체에 상해를 입힘으로써 확정판결로 벌금을 부담하는 경우※ 1사고당 벌금형의 확정 이유가 도로교통법 제151조(벌칙)와 타인의 신체상해와 관련한 벌금 두가지 사유에 모두 해당하는 경우, 비례보상 대상 계약에 '신체상해와 관련하여 받은 벌금액을 보장하는 계약'도 포함됨","어린이보호구역내 교통사고의 경우, 3천만원 한도상기 이외의 경우, 2천만원 한도",,,,,,,,,,file_42.xls,,,,"자동차사고벌금Ⅱ(대인,3천만원한도)","자동차 운전 중 교통사고로 타인의 신체에 상해를 입힘으로써 확정판결로 벌금을 부담하는 경우※ 1사고당 벌금형의 확정 이유가 도로교통법 제151조(벌칙)와 타인의 신체상해와 관련한 벌금 두가지 사유에 모두 해당하는 경우, 비례보상 대상 계약에 '신체상해와 관련하여 받은 벌금액을 보장하는 계약'도 포함됨","어린이보호구역내 교통사고의 경우, 3천만원 한도상기 이외의 경우, 2천만원 한도",,,,
,,,자동차사고변호사선임비Ⅲ,"자동차 운전중 교통사고로 타인의 신체에 상해를 입힘으로써 구속되거나 공소제기(약식기소 제외)된 경우 또는 검사에 의해 약식기소 되었으나 ·형사소송법· 제450조에 의거, 법원에 의해 보통의 심판절차인 공판절차로 재판이 진행되는 경우 또는 같은 법 제453조에 의거 검사 또는 피보험자가 정식재판을 청구하는 경우 또는 경찰 조사 후 불송치되거나 검찰에 의해 약식기소 또는 불기소된 경우(단, 타인을 사망하게 한 경우 또는 “중대법규위반교통사고”로 타인의 신체에 상해를 입힌 경우에 한함)",보험가입금액 한도,,,,,,,,,,file_42.xls,,,,자동차사고변호사선임비Ⅲ,"자동차 운전중 교통사고로 타인의 신체에 상해를 입힘으로써 구속되거나 공소제기(약식기소 제외)된 경우 또는 검사에 의해 약식기소 되었으나 ·형사소송법· 제450조에 의거, 법원에 의해 보통의 심판절차인 공판절차로 재판이 진행되는 경우 또는 같은 법 제453조에 의거 검사 또는 피보험자가 정식재판을 청구하는 경우 또는 경찰 조사 후 불송치되거나 검찰에 의해 약식기소 또는 불기소된 경우(단, 타인을 사망하게 한 경우 또는 “중대법규위반교통사고”로 타인의 신체에 상해를 입힌 경우에 한함)",보험가입금액 한도,,,,
,,,중증 자동차사고부상치료비,"교통사고로 인해 신체에 상해를 입고 그 직접결과로서 자동차손해배상보장법 시행령(약관 참조)에서 정한 자동차사고부상등급표의 상해등급 중 1급, 2급 또는 3급을 받은 경우(상해등급별 차등지급)","상해등급 1급의 경우, 100만원상해등급 2~3급의 경우, 50만원(가입금액 100만원 기준)",,,,,,,,,,file_42.xls,,,,중증 자동차사고부상치료비,"교통사고로 인해 신체에 상해를 입고 그 직접결과로서 자동차손해배상보장법 시행령(약관 참조)에서 정한 자동차사고부상등급표의 상해등급 중 1급, 2급 또는 3급을 받은 경우(상해등급별 차등지급)","상해등급 1급의 경우, 100만원상해등급 2~3급의 경우, 50만원(가입금액 100만원 기준)",,,,
,,,심급별 자동차사고 변호사선임비용(경찰조사포함)(비탑승중포함),보험기간 중 급격하고도 우연한 자동차사고로 타인을 사망에 이르게 하거나 타인의 신체에 상해를 입힘으로써 변호사선임비용을 부담하게 된 경우,보험가입금액 한도,,,,,,,,,,file_42.xls,,,,심급별 자동차사고 변호사선임비용(경찰조사포함)(비탑승중포함),보험기간 중 급격하고도 우연한 자동차사고로 타인을 사망에 이르게 하거나 타인의 신체에 상해를 입힘으로써 변호사선임비용을 부담하게 된 경우,보험가입금액 한도,,,,
,,,자동차사고벌금(대물),보험기간 중 자동차를 운전하던 중에 급격하고도 우연한 자동차사고로 「도로교통법」제151조에 따른 벌금형이 확정된 경우,,,,,,,,,,,file_42.xls,,,,자동차사고벌금(대물),보험기간 중 자동차를 운전하던 중에 급격하고도 우연한 자동차사고로 「도로교통법」제151조에 따른 벌금형이 확정된 경우,,,,,
,,,자동차사고벌금(대인)Ⅱ(비탑승중포함),보험기간 중 급격하고도 우연한 자동차사고로 타인의 신체에 상해를 입혀 신체상해와 관련하여 벌금형을 확정받은 경우,,,,,,,,,,,file_42.xls,,,,자동차사고벌금(대인)Ⅱ(비탑승중포함),보험기간 중 급격하고도 우연한 자동차사고로 타인의 신체에 상해를 입혀 신체상해와 관련하여 벌금형을 확정받은 경우,,,,,
,,,심급별 자동차사고 변호사선임비용(경찰조사포함)(비탑승중포함),보험기간 중 급격하고도 우연한 자동차사고로 타인을 사망에 이르게 하거나 타인의 신체에 상해를 입힘으로써 변호사선임비용을 부담하게 된 경우,보험가입금액 한도,,,,,,,,,,file_42.xls,,,,심급별 자동차사고 변호사선임비용(경찰조사포함)(비탑승중포함),보험기간 중 급격하고도 우연한 자동차사고로 타인을 사망에 이르게 하거나 타인의 신체에 상해를 입힘으로써 변호사선임비용을 부담하게 된 경우,보험가입금액 한도,,,,
,,,자동차사고벌금(대물),보험기간 중 자동차를 운전하던 중에 급격하고도 우연한 자동차사고로 「도로교통법」제151조에 따른 벌금형이 확정된 경우,,,,,,,,,,,file_42.xls,,,,자동차사고벌금(대물),보험기간 중 자동차를 운전하던 중에 급격하고도 우연한 자동차사고로 「도로교통법」제151조에 따른 벌금형이 확정된 경우,,,,,
,,,자동차사고벌금(대인)Ⅱ(비탑승중포함),보험기간 중 급격하고도 우연한 자동차사고로 타인의 신체에 상해를 입혀 신체상해와 관련하여 벌금형을 확정받은 경우,,,,,,,,,,,file_42.xls,,,,자동차사고벌금(대인)Ⅱ(비탑승중포함),보험기간 중 급격하고도 우연한 자동차사고로 타인의 신체에 상해를 입혀 신체상해와 관련하여 벌금형을 확정받은 경우,,,,,
,,,자동차사고벌금II,자동차 운전중에 발생한 급격하고도 우연한 자동차사고로 타인의 신체에 상해를 입혀 확정판결로 벌금 부담 시,가입금액 한도,,,,,,,,,,file_42.xls,,,,자동차사고벌금II,자동차 운전중에 발생한 급격하고도 우연한 자동차사고로 타인의 신체에 상해를 입혀 확정판결로 벌금 부담 시,가입금액 한도,,,,
,,,자동차사고벌금비용(대물),자동차 운전 중 교통사고로 도로교통법 제151조(벌칙)에 따른 벌금액을 확정받은 경우,,,,,,,,,,,file_42.xls,,,,자동차사고벌금비용(대물),자동차 운전 중 교통사고로 도로교통법 제151조(벌칙)에 따른 벌금액을 확정받은 경우,,,,,
,,,자동차사고변호사선임비용Ⅰ(경찰조사포함),"자동차를 운전하는 중 발생한 교통사고로 타인의 신체에 상해를 입혀 아래의 보장항목에 해당하는 사유로 변호사선임비용을 부담한 경우1. 피보험자가 구속영장에 의하여 구속 된 경우2. 검찰에 의해 공소제기(약식기소 제외)된 경우3. 피보험자가 검사에 의해 약식기소 되었으나 법원에 의해 보통의 심판절차인 공판절차에 의해 재판이 진행하게 된 경우4. 검사 또는 피보험자가 법원의 약식명령에 불복하여 정식재판을 청구한 경우5. 피보험자가 경찰 조사 후 불송치된 경우(단, 타인을 사망하게 한 경우, 중대법규위반 교통사고로 타인의 신체에 상해를 입힌 경우 및 타인의 신체에 상해를 입힘으로써 피해자에게 자동차손해배상보장법 시행령 제3조에서 정한 부상등급 1급, 2급, 3급에 해당하는 부상을 입힌 경우(중대법규위반 교통사고에 해당하지 않는 경우에 한함)에 한함)6. 검찰에 의해 약식기소 또는 불기소된 경우(단, 타인을 사망하게 한 경우, 중대법규위반 교통사고로 타인의 신체에 상해를 입힌 경우 및 타인의 신체에 상해를 입힘으로써 피해자에게 자동차손해배상보장법 시행령 제3조에서 정한 부상등급 1급, 2급, 3급에 해당하는 부상을 입힌 경우(중대법규위반 교통사고에 해당하지 않는 경우에 한함)에 한함)",5백만원 한도,,,,,,,,,,file_42.xls,,,,자동차사고변호사선임비용Ⅰ(경찰조사포함),"자동차를 운전하는 중 발생한 교통사고로 타인의 신체에 상해를 입혀 아래의 보장항목에 해당하는 사유로 변호사선임비용을 부담한 경우1. 피보험자가 구속영장에 의하여 구속 된 경우2. 검찰에 의해 공소제기(약식기소 제외)된 경우3. 피보험자가 검사에 의해 약식기소 되었으나 법원에 의해 보통의 심판절차인 공판절차에 의해 재판이 진행하게 된 경우4. 검사 또는 피보험자가 법원의 약식명령에 불복하여 정식재판을 청구한 경우5. 피보험자가 경찰 조사 후 불송치된 경우(단, 타인을 사망하게 한 경우, 중대법규위반 교통사고로 타인의 신체에 상해를 입힌 경우 및 타인의 신체에 상해를 입힘으로써 피해자에게 자동차손해배상보장법 시행령 제3조에서 정한 부상등급 1급, 2급, 3급에 해당하는 부상을 입힌 경우(중대법규위반 교통사고에 해당하지 않는 경우에 한함)에 한함)6. 검찰에 의해 약식기소 또는 불기소된 경우(단, 타인을 사망하게 한 경우, 중대법규위반 교통사고로 타인의 신체에 상해를 입힌 경우 및 타인의 신체에 상해를 입힘으로써 피해자에게 자동차손해배상보장법 시행령 제3조에서 정한 부상등급 1급, 2급, 3급에 해당하는 부상을 입힌 경우(중대법규위반 교통사고에 해당하지 않는 경우에 한함)에 한함)",5백만원 한도,,,,
,,,자동차사고벌금II,자동차 운전중에 발생한 급격하고도 우연한 자동차사고로 타인의 신체에 상해를 입혀 확정판결로 벌금 부담 시,가입금액 한도,,,,,,,,,,file_42.xls,,,,자동차사고벌금II,자동차 운전중에 발생한 급격하고도 우연한 자동차사고로 타인의 신체에 상해를 입혀 확정판결로 벌금 부담 시,가입금액 한도,,,,
,,,자동차사고벌금비용(대물),자동차 운전 중 교통사고로 도로교통법 제151조(벌칙)에 따른 벌금액을 확정받은 경우,,,,,,,,,,,file_42.xls,,,,자동차사고벌금비용(대물),자동차 운전 중 교통사고로 도로교통법 제151조(벌칙)에 따른 벌금액을 확정받은 경우,,,,,
,,,자동차사고변호사선임비용Ⅰ(경찰조사포함),"자동차를 운전하는 중 발생한 교통사고로 타인의 신체에 상해를 입혀 아래의 보장항목에 해당하는 사유로 변호사선임비용을 부담한 경우1. 피보험자가 구속영장에 의하여 구속 된 경우2. 검찰에 의해 공소제기(약식기소 제외)된 경우3. 피보험자가 검사에 의해 약식기소 되었으나 법원에 의해 보통의 심판절차인 공판절차에 의해 재판이 진행하게 된 경우4. 검사 또는 피보험자가 법원의 약식명령에 불복하여 정식재판을 청구한 경우5. 피보험자가 경찰 조사 후 불송치된 경우(단, 타인을 사망하게 한 경우, 중대법규위반 교통사고로 타인의 신체에 상해를 입힌 경우 및 타인의 신체에 상해를 입힘으로써 피해자에게 자동차손해배상보장법 시행령 제3조에서 정한 부상등급 1급, 2급, 3급에 해당하는 부상을 입힌 경우(중대법규위반 교통사고에 해당하지 않는 경우에 한함)에 한함)6. 검찰에 의해 약식기소 또는 불기소된 경우(단, 타인을 사망하게 한 경우, 중대법규위반 교통사고로 타인의 신체에 상해를 입힌 경우 및 타인의 신체에 상해를 입힘으로써 피해자에게 자동차손해배상보장법 시행령 제3조에서 정한 부상등급 1급, 2급, 3급에 해당하는 부상을 입힌 경우(중대법규위반 교통사고에 해당하지 않는 경우에 한함)에 한함)",5백만원 한도,,,,,,,,,,file_42.xls,,,,자동차사고변호사선임비용Ⅰ(경찰조사포함),"자동차를 운전하는 중 발생한 교통사고로 타인의 신체에 상해를 입혀 아래의 보장항목에 해당하는 사유로 변호사선임비용을 부담한 경우1. 피보험자가 구속영장에 의하여 구속 된 경우2. 검찰에 의해 공소제기(약식기소 제외)된 경우3. 피보험자가 검사에 의해 약식기소 되었으나 법원에 의해 보통의 심판절차인 공판절차에 의해 재판이 진행하게 된 경우4. 검사 또는 피보험자가 법원의 약식명령에 불복하여 정식재판을 청구한 경우5. 피보험자가 경찰 조사 후 불송치된 경우(단, 타인을 사망하게 한 경우, 중대법규위반 교통사고로 타인의 신체에 상해를 입힌 경우 및 타인의 신체에 상해를 입힘으로써 피해자에게 자동차손해배상보장법 시행령 제3조에서 정한 부상등급 1급, 2급, 3급에 해당하는 부상을 입힌 경우(중대법규위반 교통사고에 해당하지 않는 경우에 한함)에 한함)6. 검찰에 의해 약식기소 또는 불기소된 경우(단, 타인을 사망하게 한 경우, 중대법규위반 교통사고로 타인의 신체에 상해를 입힌 경우 및 타인의 신체에 상해를 입힘으로써 피해자에게 자동차손해배상보장법 시행령 제3조에서 정한 부상등급 1급, 2급, 3급에 해당하는 부상을 입힌 경우(중대법규위반 교통사고에 해당하지 않는 경우에 한함)에 한함)",5백만원 한도,,,,
,,,자동차사고부상치료비(1~7급단일),교통사고로 발생한 상해로 자동차손해배상보장법 시행령 제3조 자동차사고부상등급표의 부상등급(1~7급)을 받은 경우,가입금액,,,,,,,,,,file_42.xls,,,,자동차사고부상치료비(1~7급단일),교통사고로 발생한 상해로 자동차손해배상보장법 시행령 제3조 자동차사고부상등급표의 부상등급(1~7급)을 받은 경우,가입금액,,,,
,,,심급별 자동차사고 변호사선임비용Ⅷ(경찰조사포함)(비탑승중Ⅱ 포함)(자기부담금50%),자동차 운전중 교통사고로 타인을 사망에 이르게 하거나 「자동차사고 부상 등급표」에서 정한 상해등급에 해당하는 상해를 입혀 아래의 ① 내지 ⑦로 인해 발생한 변호사선임비용 중 실제로 부담한 금액을 1사고마다 진행된,"- 타인을 사망하게 하여 ④ 내지 ⑤에 해당하는 경우 : · 1심(경찰조사포함) 500만원한도- 타인을 사망하게 하거나 타인의 신체에 상해를 입혀 ① 내지 ③에 해당하는 경우 : 1심(경찰조사포함) 500만원 한도 · 항소심(2심) 500만원 한도 · 상고심(3심) 500만원 한도- 타인의 신체에 상해를 입혀 ④ 내지 ⑤에 해당하는 경우 : · 1심(경찰조사포함) 1~7급 : 500만원 한도 · 8~11급 : 400만원 한도, · 12~14급 : 200만원 한도- 타인의 신체에 상해를 입혀 ⑥ 내지 ⑦에 해당하는 경우 : 1심(경찰조사포함) 500만원 한도",,,,,,,,,,file_47.xls,,,,심급별 자동차사고 변호사선임비용Ⅷ(경찰조사포함)(비탑승중Ⅱ 포함)(자기부담금50%),자동차 운전중 교통사고로 타인을 사망에 이르게 하거나 「자동차사고 부상 등급표」에서 정한 상해등급에 해당하는 상해를 입혀 아래의 ① 내지 ⑦로 인해 발생한 변호사선임비용 중 실제로 부담한 금액을 1사고마다 진행된,"- 타인을 사망하게 하여 ④ 내지 ⑤에 해당하는 경우 : · 1심(경찰조사포함) 500만원한도- 타인을 사망하게 하거나 타인의 신체에 상해를 입혀 ① 내지 ③에 해당하는 경우 : 1심(경찰조사포함) 500만원 한도 · 항소심(2심) 500만원 한도 · 상고심(3심) 500만원 한도- 타인의 신체에 상해를 입혀 ④ 내지 ⑤에 해당하는 경우 : · 1심(경찰조사포함) 1~7급 : 500만원 한도 · 8~11급 : 400만원 한도, · 12~14급 : 200만원 한도- 타인의 신체에 상해를 입혀 ⑥ 내지 ⑦에 해당하는 경우 : 1심(경찰조사포함) 500만원 한도",,,,
,,,[갱신형]자동차사고부상치료지원금(1~11급)Ⅱ,보험기간 중에 자동차사고로 인한 상해의 직접결과로써 약관 상의[자동차사고 부상 등급표]에서 정한 1급에서 11급에 해당하는 상해등급을 받은 경우 (상해등급별 차등 지급),약관상의 자동차사고 부상 등급표에 따라 지급: 상해등급별 보험가입금액의 1%~100%,,,,,,,,,,file_47.xls,,,,[갱신형]자동차사고부상치료지원금(1~11급)Ⅱ,보험기간 중에 자동차사고로 인한 상해의 직접결과로써 약관 상의[자동차사고 부상 등급표]에서 정한 1급에서 11급에 해당하는 상해등급을 받은 경우 (상해등급별 차등 지급),약관상의 자동차사고 부상 등급표에 따라 지급: 상해등급별 보험가입금액의 1%~100%,,,,
,,,[갱신형]자동차사고부상치료지원금(1~11급)Ⅱ,보험기간 중에 자동차사고로 인한 상해의 직접결과로써 약관 상의[자동차사고 부상 등급표]에서 정한 1급에서 11급에 해당하는 상해등급을 받은 경우 (상해등급별 차등 지급),약관상의 자동차사고 부상 등급표에 따라 지급: 상해등급별 보험가입금액의 1%~100%,,,,,,,,,,file_47.xls,,,,[갱신형]자동차사고부상치료지원금(1~11급)Ⅱ,보험기간 중에 자동차사고로 인한 상해의 직접결과로써 약관 상의[자동차사고 부상 등급표]에서 정한 1급에서 11급에 해당하는 상해등급을 받은 경우 (상해등급별 차등 지급),약관상의 자동차사고 부상 등급표에 따라 지급: 상해등급별 보험가입금액의 1%~100%,,,,
,,,자동차사고부상치료비(1~7급),교통사고로 발생한 상해로 자동차손해배상보장법 시행령 제3조 자동차사고부상등급표의 부상등급(1~7급)을 받은 경우,부상등급별차등지급,,,,,,,,,,file_47.xls,,,,자동차사고부상치료비(1~7급),교통사고로 발생한 상해로 자동차손해배상보장법 시행령 제3조 자동차사고부상등급표의 부상등급(1~7급)을 받은 경우,부상등급별차등지급,,,,
,,,자동차사고부상치료비(비운전자용),비운전중 자동차사고로 신체에 상해를 입고 ‘자동차손해배상보장법 시행령’에서 정한 부상등급을 받은 경우,20만원,,,,,,,,,,장기보장성 비교 공시 (11).xls,,,,자동차사고부상치료비(비운전자용),비운전중 자동차사고로 신체에 상해를 입고 ‘자동차손해배상보장법 시행령’에서 정한 부상등급을 받은 경우,20만원,,,,
,,,이륜자동차 운전중 교통사고처리지원금(동승자제외),"이륜자동차를 운전하던 중에 발생한 급격하고도 우연히 발생한 자동차사고로 인하여 타인(피보험자의 부모, 배우자 및 자녀 및 피보험자가 운전하던 이륜자동차의 동승자인 경우 제외합니다)에게 상해를 입혀 형사합의를 한 경우",1억원,,,,,,,,,,장기보장성 비교 공시 (2).xls,,,,이륜자동차 운전중 교통사고처리지원금(동승자제외),"이륜자동차를 운전하던 중에 발생한 급격하고도 우연히 발생한 자동차사고로 인하여 타인(피보험자의 부모, 배우자 및 자녀 및 피보험자가 운전하던 이륜자동차의 동승자인 경우 제외합니다)에게 상해를 입혀 형사합의를 한 경우",1억원,,,,
,,,이륜자동차 운전중 교통상해사망,이륜자동차 운전중 교통상해의 직접결과로써 사망한 경우,,,,,,,,,,,장기보장성 비교 공시 (2).xls,,,,이륜자동차 운전중 교통상해사망,이륜자동차 운전중 교통상해의 직접결과로써 사망한 경우,,,,,
,,,자동차사고 변호사선임비용(Ⅲ),"자동차를 운전하던 중 또는 자가용자동차 운전 후 비탑승 상태에서 발생한 급격하고도 우연한 자동차사고로 타인의 신체에 상해를 입힘으로써, 변호사선임비용을 부담함으로써 입은 손해",500만원,,,,,,,,,,장기보장성 비교 공시 (2).xls,,,,자동차사고 변호사선임비용(Ⅲ),"자동차를 운전하던 중 또는 자가용자동차 운전 후 비탑승 상태에서 발생한 급격하고도 우연한 자동차사고로 타인의 신체에 상해를 입힘으로써, 변호사선임비용을 부담함으로써 입은 손해",500만원,,,,
,,,심급별 자동차사고·변호사선임비용Ⅱ,"자동차를 운전하던 중 또는 자동차 운전 후 비탑승 상태에서 발생한 급격하고도 우연한 자동차사고로 타인의 신체에 상해를 입힘으로써, 변호사선임비용을 부담함으로써 입은 손해","1,500만원",,,,,,,,,,장기보장성 비교 공시 (2).xls,,,,심급별 자동차사고·변호사선임비용Ⅱ,"자동차를 운전하던 중 또는 자동차 운전 후 비탑승 상태에서 발생한 급격하고도 우연한 자동차사고로 타인의 신체에 상해를 입힘으로써, 변호사선임비용을 부담함으로써 입은 손해","1,500만원",,,,
,,,심급별 자동차사고·변호사선임비용Ⅱ,"자동차를 운전하던 중 또는 자동차 운전 후 비탑승 상태에서 발생한 급격하고도 우연한 자동차사고로 타인의 신체에 상해를 입힘으로써, 변호사선임비용을 부담함으로써 입은 손해","1,500만원",,,,,,,,,,장기보장성 비교 공시 (2).xls,,,,심급별 자동차사고·변호사선임비용Ⅱ,"자동차를 운전하던 중 또는 자동차 운전 후 비탑승 상태에서 발생한 급격하고도 우연한 자동차사고로 타인의 신체에 상해를 입힘으로써, 변호사선임비용을 부담함으로써 입은 손해","1,500만원",,,,
,,,"자동차사고변호사선임비용(경찰조사포함,비탑승중Ⅱ포함)","자동차를 운전하던 중 또는 자동차 운전 후 비탑승 상태에서 발생한 급격하고도 우연한 사고로 타인의 신체에 상해를 입혀 1. 구속영장에 의하여 구속, 2. 검사에 의한 공소제기(약식기소는 제외), 3. 검사에 의해 약식기소는 되었으나 법원에 의해 보통의 심판절차인 공판절차에 의해 재판이 진행, 4. 법원의 약식명령에 대하여 정식재판을 청구하는 경우, 5. 피보험자가 타인을 사망하게 하거나 중대법규위반 교통사고로 타인의 신체에 상해를 입혀 경찰조사 후 불송치된 경우, 6. 피보험자가 타인을 사망하게 하거나 중대법규위반 교통사고로 타인의 신체에 상해를 입혀 검찰에 의해 약식기소 또는 불기소된 경우(단, 제3호, 제4호에 해당하는 경우는 제외), 7. 피보험자가 중대법규위반 교통사고에 해당하지 않는 자동차사고로 피해자에게 부상등급 1급, 2급 또는 3급에 해당하는 부상을 입혀 경찰조사 후 불송치된 경우, 8. 피보험자가 중대법규위반 교통사고에 해당하지 않는 자동차사고로 피해자에게 부상등급 1급, 2급 또는 3급에 해당하는 부상을 입혀 검찰에 의해 약식기소 또는 불기소된 경우(단, 제3호 및 제4호에 해당하는 경우는 제외) 중 어느 한가지 사유로 변호사선임비용을 부담한 경우",,,,,,,,,,,장기보장성 비교 공시 (2).xls,,,,"자동차사고변호사선임비용(경찰조사포함,비탑승중Ⅱ포함)","자동차를 운전하던 중 또는 자동차 운전 후 비탑승 상태에서 발생한 급격하고도 우연한 사고로 타인의 신체에 상해를 입혀 1. 구속영장에 의하여 구속, 2. 검사에 의한 공소제기(약식기소는 제외), 3. 검사에 의해 약식기소는 되었으나 법원에 의해 보통의 심판절차인 공판절차에 의해 재판이 진행, 4. 법원의 약식명령에 대하여 정식재판을 청구하는 경우, 5. 피보험자가 타인을 사망하게 하거나 중대법규위반 교통사고로 타인의 신체에 상해를 입혀 경찰조사 후 불송치된 경우, 6. 피보험자가 타인을 사망하게 하거나 중대법규위반 교통사고로 타인의 신체에 상해를 입혀 검찰에 의해 약식기소 또는 불기소된 경우(단, 제3호, 제4호에 해당하는 경우는 제외), 7. 피보험자가 중대법규위반 교통사고에 해당하지 않는 자동차사고로 피해자에게 부상등급 1급, 2급 또는 3급에 해당하는 부상을 입혀 경찰조사 후 불송치된 경우, 8. 피보험자가 중대법규위반 교통사고에 해당하지 않는 자동차사고로 피해자에게 부상등급 1급, 2급 또는 3급에 해당하는 부상을 입혀 검찰에 의해 약식기소 또는 불기소된 경우(단, 제3호 및 제4호에 해당하는 경우는 제외) 중 어느 한가지 사유로 변호사선임비용을 부담한 경우",,,,,
,,,"자동차사고변호사선임비용(심급별500만원한도,자기부담률50%)","자동차를 운전하던 중에 급격하고도 우연한 사고로 타인의 신체에 상해를 입힘으로써 구속영장에 의하여 구속되었거나, 검사에 의해 공소제기(약식기소는 제외)된 경우, 검사에 의해 약식기소 되었으나 법원에 의해 보통의 심판절차인 공판절차에 의해 재판이 진행하게 된 경우, 검사 또는 피보험자가 법원의 약식명령에 대하여 정식재판을 청구하는 경우",,,,,,,,,,,장기보장성 비교 공시 (2).xls,,,,"자동차사고변호사선임비용(심급별500만원한도,자기부담률50%)","자동차를 운전하던 중에 급격하고도 우연한 사고로 타인의 신체에 상해를 입힘으로써 구속영장에 의하여 구속되었거나, 검사에 의해 공소제기(약식기소는 제외)된 경우, 검사에 의해 약식기소 되었으나 법원에 의해 보통의 심판절차인 공판절차에 의해 재판이 진행하게 된 경우, 검사 또는 피보험자가 법원의 약식명령에 대하여 정식재판을 청구하는 경우",,,,,
,,,자동차사고부상Ⅱ(1~7급),"자동차사고(운전중, 탑승중, 비탑승중. 약관 참조)로 인한 상해의 직접결과로써 자동차손해배상보장법시행령에서 정한 자동차사고 부상 등급표의 상해등급 중 1급, 2급, 3급, 4급, 5급, 6급 또는 7급을 받은 경우",보험가입금액,,,,,,,,,,장기보장성 비교 공시 (2).xls,,,,자동차사고부상Ⅱ(1~7급),"자동차사고(운전중, 탑승중, 비탑승중. 약관 참조)로 인한 상해의 직접결과로써 자동차손해배상보장법시행령에서 정한 자동차사고 부상 등급표의 상해등급 중 1급, 2급, 3급, 4급, 5급, 6급 또는 7급을 받은 경우",보험가입금액,,,,
,,,자동차사고변호사선임비용Ⅳ,"자동차 운전중 교통사고로 타인의 신체에 상해를 입혀 아래의 어느 하나에 해당되는 경우, 변호사선임비용으로 지급한 실제 금액(1사고마다)가. 피보험자가 구속영장에 의하여 구속된 경우나. 검찰에 의해 공소제기(이하 「기소」라 합니다. 단, 약식기소는 제외합니다)된 경우다. 피보험자가 검사에 의해 약식기소 되었으나 형사소송법 제450조에 의거 법원에 의해 보통의 심판절차인 공판절차에 따라 재판을 진행하게 된 경우라. 형사소송법 제453조에 의거 검사 또는 피보험자가 법원의 약식명령에 대하여 정식재판을 청구하여재판이 진행되는 경우",보험가입금액 한도,,,,,,,,,,장기보장성 비교 공시 (2).xls,,,,자동차사고변호사선임비용Ⅳ,"자동차 운전중 교통사고로 타인의 신체에 상해를 입혀 아래의 어느 하나에 해당되는 경우, 변호사선임비용으로 지급한 실제 금액(1사고마다)가. 피보험자가 구속영장에 의하여 구속된 경우나. 검찰에 의해 공소제기(이하 「기소」라 합니다. 단, 약식기소는 제외합니다)된 경우다. 피보험자가 검사에 의해 약식기소 되었으나 형사소송법 제450조에 의거 법원에 의해 보통의 심판절차인 공판절차에 따라 재판을 진행하게 된 경우라. 형사소송법 제453조에 의거 검사 또는 피보험자가 법원의 약식명령에 대하여 정식재판을 청구하여재판이 진행되는 경우",보험가입금액 한도,,,,
,,,자동차사고변호사선임비용(특정사고 경찰조사포함)(비탑승중포함),"자동차 운전중 교통사고로 타인의 신체에 상해를 입혀 아래의 어느 하나에 해당되는 경우 실제 지급액가. 피보험자가 구속영장에 의하여 구속된 경우나. 검찰에 의해 공소제기(이하 「기소」라 합니다. 단, 약식기소는 제외합니다)된 경우다. 피보험자가 검사에 의해 약식기소 되었으나 형사소송법 제450조에 의거 법원에 의해 보통의 심판절차인 공판절차에 따라 재판을 진행하게 된 경우라. 형사소송법 제453조에 의거 검사 또는 피보험자가 법원의 약식명령에 대하여 정식재판을 청구하여재판이 진행되는 경우마. 피보험자가 경찰 조사 후 불송치된 경우(단, 타인을 사망하게 한 경우 또는 「중대법규위반 교통사고」로 타인의 신체에 상해를 입힌 경우에 한합니다)바. 검찰에 의해 약식기소 또는 불기소된 경우(단, 타인을 사망하게 한 경우 또는 「중대법규위반 교통사고」로 타인의 신체에 상해를 입힌 경우에 한합니다)",보험가입금액 한도,,,,,,,,,,장기보장성 비교 공시 (2).xls,,,,자동차사고변호사선임비용(특정사고 경찰조사포함)(비탑승중포함),"자동차 운전중 교통사고로 타인의 신체에 상해를 입혀 아래의 어느 하나에 해당되는 경우 실제 지급액가. 피보험자가 구속영장에 의하여 구속된 경우나. 검찰에 의해 공소제기(이하 「기소」라 합니다. 단, 약식기소는 제외합니다)된 경우다. 피보험자가 검사에 의해 약식기소 되었으나 형사소송법 제450조에 의거 법원에 의해 보통의 심판절차인 공판절차에 따라 재판을 진행하게 된 경우라. 형사소송법 제453조에 의거 검사 또는 피보험자가 법원의 약식명령에 대하여 정식재판을 청구하여재판이 진행되는 경우마. 피보험자가 경찰 조사 후 불송치된 경우(단, 타인을 사망하게 한 경우 또는 「중대법규위반 교통사고」로 타인의 신체에 상해를 입힌 경우에 한합니다)바. 검찰에 의해 약식기소 또는 불기소된 경우(단, 타인을 사망하게 한 경우 또는 「중대법규위반 교통사고」로 타인의 신체에 상해를 입힌 경우에 한합니다)",보험가입금액 한도,,,,
,,,자동차사고변호사선임비용Ⅳ,"자동차 운전중 교통사고로 타인의 신체에 상해를 입혀 아래의 어느 하나에 해당되는 경우 실제 지급액가. 피보험자가 구속영장에 의하여 구속된 경우나. 검찰에 의해 공소제기(이하 「기소」라 합니다. 단, 약식기소는 제외합니다)된 경우다. 피보험자가 검사에 의해 약식기소 되었으나 형사소송법 제450조에 의거 법원에 의해 보통의 심판절차인 공판절차에 따라 재판을 진행하게 된 경우라. 형사소송법 제453조에 의거 검사 또는 피보험자가 법원의 약식명령에 대하여 정식재판을 청구하여재판이 진행되는 경우",보험가입금액 한도,,,,,,,,,,장기보장성 비교 공시 (2).xls,,,,자동차사고변호사선임비용Ⅳ,"자동차 운전중 교통사고로 타인의 신체에 상해를 입혀 아래의 어느 하나에 해당되는 경우 실제 지급액가. 피보험자가 구속영장에 의하여 구속된 경우나. 검찰에 의해 공소제기(이하 「기소」라 합니다. 단, 약식기소는 제외합니다)된 경우다. 피보험자가 검사에 의해 약식기소 되었으나 형사소송법 제450조에 의거 법원에 의해 보통의 심판절차인 공판절차에 따라 재판을 진행하게 된 경우라. 형사소송법 제453조에 의거 검사 또는 피보험자가 법원의 약식명령에 대하여 정식재판을 청구하여재판이 진행되는 경우",보험가입금액 한도,,,,
,,,자동차사고부상치료비(1~7급),교통사고로 상해를 입고 자동차사고 부상등급표의 상해등급(1~7급)을 받은 경우,보험가입금액,,,,,,,,,,장기보장성 비교 공시 (2).xls,,,,자동차사고부상치료비(1~7급),교통사고로 상해를 입고 자동차사고 부상등급표의 상해등급(1~7급)을 받은 경우,보험가입금액,,,,
,,,자동차사고 변호사선임비용Ⅶ(경찰조사포함)(비탑승중Ⅱ 포함),"자동차 운전중 교통사고로 타인을 사망에 이르게 하거나 「자동차사고 부상 등급표」에서 정한 상해등급에 해당하는 상해를 입혀 아래의 ① 내지 ⑦로 인해 발생한 변호사선임비용 중 실제로 부담한 금액을 1사고마다 약관에 정해진 한도로 보상① 구속영장에 의해 구속된 경우 ② 검사에 의해 공소제기(단, 약식기소 제외)된 경우 ③ 검사에 의해 약식기소 되었으나, 형사소송법 제450조에 의거 법원에 의해 공판절차에 의한 재판이 진행되게 되거나 동법 제453조에 의해 정식재판이 청구되는 경우 ④ 경찰 조사 후 불송치 된 경우(단, 타인을 사망하게 한 경우 또는 ""중대법규위반 교통사고""로 타인의 신체에 상해를 입힌 경우에 한함) ⑤ 검찰에 의해 약식기소 또는 불기소 처분이 있는 경우(단, 타인을 사망하게 한 경우 또는 ""중대법규위반 교통사고""로 타인의 신체에 상해를 입힌 경우에 한함) ⑥ 「자동차사고 부상 등급표」에서 정한 상해등급 1급~ 3급에 해당하는 상해를 입히고 경찰 조사 후 불송치 된 경우(단, 타인을 사망하게 한 경우 또는 ""중대법규위반 교통사고""로 타인의 신체에 상해를 입힌 경우는 제외) ⑦ 「자동차사고 부상 등급표」에서 정한 상해등급 1급~ 3급에 해당하는 상해를 입히고 검찰에 의해 약식기소 또는 불기소 처분이 있는 경우(단, 타인을 사망하게 한 경우 또는 ""중대법규위반 교통사고""로 타인의 신체에 상해를 입힌 경우는 제외)※ 1사고로 항소심, 상고심을 포함하여 다수의 소송을 하였을 경우 그 소송동안 피보험자가 실제로 부담한 전체 변호사선임비용을 합쳐서 가입금액을 한도로 보상","- 타인의 사망 또는 ① 내지 ③에 해당하는 경우 : 5,000만원 한도- ④ 내지 ⑤에 해당하는 경우 : · 1~3급 : 5,000만원 한도 · 4~7급 : 3,000만원 한도, · 8~14급 : 1,000만원 한도- ⑥ 내지 ⑦에 해당하는 경우 : 3,000만원 한도",,,,,,,,,,장기보장성 비교 공시 (2).xls,,,,자동차사고 변호사선임비용Ⅶ(경찰조사포함)(비탑승중Ⅱ 포함),"자동차 운전중 교통사고로 타인을 사망에 이르게 하거나 「자동차사고 부상 등급표」에서 정한 상해등급에 해당하는 상해를 입혀 아래의 ① 내지 ⑦로 인해 발생한 변호사선임비용 중 실제로 부담한 금액을 1사고마다 약관에 정해진 한도로 보상① 구속영장에 의해 구속된 경우 ② 검사에 의해 공소제기(단, 약식기소 제외)된 경우 ③ 검사에 의해 약식기소 되었으나, 형사소송법 제450조에 의거 법원에 의해 공판절차에 의한 재판이 진행되게 되거나 동법 제453조에 의해 정식재판이 청구되는 경우 ④ 경찰 조사 후 불송치 된 경우(단, 타인을 사망하게 한 경우 또는 ""중대법규위반 교통사고""로 타인의 신체에 상해를 입힌 경우에 한함) ⑤ 검찰에 의해 약식기소 또는 불기소 처분이 있는 경우(단, 타인을 사망하게 한 경우 또는 ""중대법규위반 교통사고""로 타인의 신체에 상해를 입힌 경우에 한함) ⑥ 「자동차사고 부상 등급표」에서 정한 상해등급 1급~ 3급에 해당하는 상해를 입히고 경찰 조사 후 불송치 된 경우(단, 타인을 사망하게 한 경우 또는 ""중대법규위반 교통사고""로 타인의 신체에 상해를 입힌 경우는 제외) ⑦ 「자동차사고 부상 등급표」에서 정한 상해등급 1급~ 3급에 해당하는 상해를 입히고 검찰에 의해 약식기소 또는 불기소 처분이 있는 경우(단, 타인을 사망하게 한 경우 또는 ""중대법규위반 교통사고""로 타인의 신체에 상해를 입힌 경우는 제외)※ 1사고로 항소심, 상고심을 포함하여 다수의 소송을 하였을 경우 그 소송동안 피보험자가 실제로 부담한 전체 변호사선임비용을 합쳐서 가입금액을 한도로 보상","- 타인의 사망 또는 ① 내지 ③에 해당하는 경우 : 5,000만원 한도- ④ 내지 ⑤에 해당하는 경우 : · 1~3급 : 5,000만원 한도 · 4~7급 : 3,000만원 한도, · 8~14급 : 1,000만원 한도- ⑥ 내지 ⑦에 해당하는 경우 : 3,000만원 한도",,,,
,,,이륜자동차 운전중 교통사고처리지원금(동승자 제외)(사망),"이륜자동차 운전중 교통사고로 피해자(피보험자의 부모, 배우자 및 자녀 제외)를 사망하게 한 경우(1사고당 피보험자가 실제로 지급한 형사합의금 지급) 피해자 1명당 1억원 한도로 보상",,,,,,,,,,,장기보장성 비교 공시 (2).xls,,,,이륜자동차 운전중 교통사고처리지원금(동승자 제외)(사망),"이륜자동차 운전중 교통사고로 피해자(피보험자의 부모, 배우자 및 자녀 제외)를 사망하게 한 경우(1사고당 피보험자가 실제로 지급한 형사합의금 지급) 피해자 1명당 1억원 한도로 보상",,,,,
,,,이륜자동차 운전중 교통사고처리지원금(동승자 제외)(중상해),"이륜자동차 운전중 약관에 정한 일반교통사고로 피해자(피보험자의 부모, 배우자 및 자녀 제외)에게 중상해를 입혀 약관에 정한 법령으로 검찰에 의해 공소제기되거나 「자동차사고 부상 등급표」에서 정한 상해급수 1급, 2급 또는 3급에 해당하는 부상을 입힌 경우(1사고당 피보험자가 실제로 지급한 형사합의금 지급) 피해자 1명당 1억원 한도로 지급",,,,,,,,,,,장기보장성 비교 공시 (2).xls,,,,이륜자동차 운전중 교통사고처리지원금(동승자 제외)(중상해),"이륜자동차 운전중 약관에 정한 일반교통사고로 피해자(피보험자의 부모, 배우자 및 자녀 제외)에게 중상해를 입혀 약관에 정한 법령으로 검찰에 의해 공소제기되거나 「자동차사고 부상 등급표」에서 정한 상해급수 1급, 2급 또는 3급에 해당하는 부상을 입힌 경우(1사고당 피보험자가 실제로 지급한 형사합의금 지급) 피해자 1명당 1억원 한도로 지급",,,,,
,,,이륜자동차 운전중 교통사고처리지원금(동승자 제외)(중상해확대),"이륜자동차 운전중 약관에 정한 일반교통사고로 피해자에게 「자동차사고 부상 등급표」에서 정한 상해급수 1급, 2급 또는 3급 외에 해당하는 중상해를 입혀 형법 제258조 제1항 또는 제2항, 형법 제268조, 교통사고처리특례법 제3조 위반혐의로 경찰조사 후 불송치되거나, 검찰에 의해 불기소된 경우(1사고당 피보험자가 실제로 지급한 형사합의금 지급) 피해자 1명당 5,000만원 한도로 지급",,,,,,,,,,,장기보장성 비교 공시 (2).xls,,,,이륜자동차 운전중 교통사고처리지원금(동승자 제외)(중상해확대),"이륜자동차 운전중 약관에 정한 일반교통사고로 피해자에게 「자동차사고 부상 등급표」에서 정한 상해급수 1급, 2급 또는 3급 외에 해당하는 중상해를 입혀 형법 제258조 제1항 또는 제2항, 형법 제268조, 교통사고처리특례법 제3조 위반혐의로 경찰조사 후 불송치되거나, 검찰에 의해 불기소된 경우(1사고당 피보험자가 실제로 지급한 형사합의금 지급) 피해자 1명당 5,000만원 한도로 지급",,,,,
,,,이륜자동차 운전중 교통사고처리지원금Ⅱ(동승자 제외)(6주이상부상),"이륜자동차 운전중 약관에 정한 중대법규위반 교통사고로 피해자(피보험자의 부모, 배우자 및 자녀 제외)가 42일, 70일, 140일이상(다수 피해자의 진단일을 합하여 계산하지 않음) 치료를 요한다는 진단을 받은 경우(1사고당 피보험자가 실제로 지급한 형사합의금 지급) 피해자 1명당 ·6주이상 10주미만 : 2,000만원 한도 ·10주이상 20주미만 : 7,000만원 한도 ·20주이상 : 1억원 한도로 지급",,,,,,,,,,,장기보장성 비교 공시 (2).xls,,,,이륜자동차 운전중 교통사고처리지원금Ⅱ(동승자 제외)(6주이상부상),"이륜자동차 운전중 약관에 정한 중대법규위반 교통사고로 피해자(피보험자의 부모, 배우자 및 자녀 제외)가 42일, 70일, 140일이상(다수 피해자의 진단일을 합하여 계산하지 않음) 치료를 요한다는 진단을 받은 경우(1사고당 피보험자가 실제로 지급한 형사합의금 지급) 피해자 1명당 ·6주이상 10주미만 : 2,000만원 한도 ·10주이상 20주미만 : 7,000만원 한도 ·20주이상 : 1억원 한도로 지급",,,,,
,,,이륜자동차 운전중 교통상해 사망,이륜자동차 운전중 사고로 사망한 경우 가입금액 지급,가입금액,,,,,,,,,,장기보장성 비교 공시 (2).xls,,,,이륜자동차 운전중 교통상해 사망,이륜자동차 운전중 사고로 사망한 경우 가입금액 지급,가입금액,,,,
,,,자동차사고 변호사선임비용Ⅶ(경찰조사포함),"자동차 운전중 교통사고로 타인을 사망에 이르게 하거나 「자동차사고 부상 등급표」에서 정한 상해등급에 해당하는 상해를 입혀 아래의 ① 내지 ⑦로 인해 발생한 변호사선임비용 중 실제로 부담한 금액을 1사고마다 약관에 정해진 한도로 보상① 구속영장에 의해 구속된 경우 ② 검사에 의해 공소제기(단, 약식기소 제외)된 경우 ③ 검사에 의해 약식기소 되었으나, 형사소송법 제450조에 의거 법원에 의해 공판절차에 의한 재판이 진행되게 되거나 동법 제453조에 의해 정식재판이 청구되는 경우 ④ 경찰 조사 후 불송치 된 경우(단, 타인을 사망하게 한 경우 또는","- 타인의 사망 또는 ① 내지 ③에 해당하는 경우 : 5,000만원 한도- ④ 내지 ⑤에 해당하는 경우 : · 1~3급 : 5,000만원 한도 · 4~7급 : 3,000만원 한도, · 8~14급 : 1,000만원 한도- ⑥ 내지 ⑦에 해당하는 경우 : 3,000만원 한도",,,,,,,,,,장기보장성 비교 공시 (2).xls,,,,자동차사고 변호사선임비용Ⅶ(경찰조사포함),"자동차 운전중 교통사고로 타인을 사망에 이르게 하거나 「자동차사고 부상 등급표」에서 정한 상해등급에 해당하는 상해를 입혀 아래의 ① 내지 ⑦로 인해 발생한 변호사선임비용 중 실제로 부담한 금액을 1사고마다 약관에 정해진 한도로 보상① 구속영장에 의해 구속된 경우 ② 검사에 의해 공소제기(단, 약식기소 제외)된 경우 ③ 검사에 의해 약식기소 되었으나, 형사소송법 제450조에 의거 법원에 의해 공판절차에 의한 재판이 진행되게 되거나 동법 제453조에 의해 정식재판이 청구되는 경우 ④ 경찰 조사 후 불송치 된 경우(단, 타인을 사망하게 한 경우 또는","- 타인의 사망 또는 ① 내지 ③에 해당하는 경우 : 5,000만원 한도- ④ 내지 ⑤에 해당하는 경우 : · 1~3급 : 5,000만원 한도 · 4~7급 : 3,000만원 한도, · 8~14급 : 1,000만원 한도- ⑥ 내지 ⑦에 해당하는 경우 : 3,000만원 한도",,,,
,,,심급별 자동차사고 변호사선임비용Ⅶ(경찰조사포함)(비탑승중Ⅱ 포함),"자동차 운전후 비탑승 상태에서 교통사고로 타인을 사망에 이르게 하거나 「자동차사고 부상 등급표」에서 정한 상해등급에 해당하는 상해를 입혀 아래의 ① 내지 ⑦로 인해 발생한 변호사선임비용 중 실제로 부담한 금액을 1사고마다 약관에 정해진 한도로 보상① 구속영장에 의해 구속된 경우② 검사에 의해 공소제기(단, 약식기소 제외) 된 경우③ 검사에 의해 약식기소 되었으나, 형사소송법 제450조에 의거 법원에 의해 공판절차에 의한 재판이 진행되게 되거나 동법 제453조에 의해 정식재판이 청구되는 경우④ 경찰 조사 후 불송치 된 경우(단, 타인을 사망하게 한 경우에 한함)⑤ 검찰에 의해 약식기소 또는 불기소 처분이 있는 경우(단, 타인을 사망하게 한 경우에 한함)⑥ 「자동차사고 부상 등급표」에서 정한 상해등급 1급~ 3급에 해당하는 상해를 입히고 경찰 조사 후 불송치 된 경우(단, 타인을 사망하게 한 경우 또는",- 타인을 사망하게 하여 ④ 내지 ⑤에 해당하는 경우 : · 1심(경찰조사포함) 500만원한도- 타인을 사망하게 하거나 타인의 신체에 상해를 입혀 ① 내지 ③에 해당하는 경우 : 1심(경찰조사포함) 500만원 한도 · 항소심(2심) 500만원 한도 · 상고심(3심) 500만원 한도- 타인의 신체에 상해를 입혀 ⑥ 내지 ⑦에 해당하는 경우 : 1심(경찰조사포함) 500만원 한도,,,,,,,,,,장기보장성 비교 공시 (2).xls,,,,심급별 자동차사고 변호사선임비용Ⅶ(경찰조사포함)(비탑승중Ⅱ 포함),"자동차 운전후 비탑승 상태에서 교통사고로 타인을 사망에 이르게 하거나 「자동차사고 부상 등급표」에서 정한 상해등급에 해당하는 상해를 입혀 아래의 ① 내지 ⑦로 인해 발생한 변호사선임비용 중 실제로 부담한 금액을 1사고마다 약관에 정해진 한도로 보상① 구속영장에 의해 구속된 경우② 검사에 의해 공소제기(단, 약식기소 제외) 된 경우③ 검사에 의해 약식기소 되었으나, 형사소송법 제450조에 의거 법원에 의해 공판절차에 의한 재판이 진행되게 되거나 동법 제453조에 의해 정식재판이 청구되는 경우④ 경찰 조사 후 불송치 된 경우(단, 타인을 사망하게 한 경우에 한함)⑤ 검찰에 의해 약식기소 또는 불기소 처분이 있는 경우(단, 타인을 사망하게 한 경우에 한함)⑥ 「자동차사고 부상 등급표」에서 정한 상해등급 1급~ 3급에 해당하는 상해를 입히고 경찰 조사 후 불송치 된 경우(단, 타인을 사망하게 한 경우 또는",- 타인을 사망하게 하여 ④ 내지 ⑤에 해당하는 경우 : · 1심(경찰조사포함) 500만원한도- 타인을 사망하게 하거나 타인의 신체에 상해를 입혀 ① 내지 ③에 해당하는 경우 : 1심(경찰조사포함) 500만원 한도 · 항소심(2심) 500만원 한도 · 상고심(3심) 500만원 한도- 타인의 신체에 상해를 입혀 ⑥ 내지 ⑦에 해당하는 경우 : 1심(경찰조사포함) 500만원 한도,,,,
,,,"자동차사고부상(비운전중,1-7급)",비운전중 자동차사고로 발생한 상해로 자동차손해배상보장법 시행령 제3조에 정한 상해 1급 내지 7급을 받은 경우,5백만원,,,,,,,,,,장기보장성 비교 공시 (2).xls,,,,"자동차사고부상(비운전중,1-7급)",비운전중 자동차사고로 발생한 상해로 자동차손해배상보장법 시행령 제3조에 정한 상해 1급 내지 7급을 받은 경우,5백만원,,,,
,,,자동차사고벌금(대물),자동차 운전중 사고로 타인의 재물을 손괴하여 도로교통법 제151조(벌칙)에 따른 벌금형을 받은 경우,5백만원,,,,,,,,,,장기보장성 비교 공시 (2).xls,,,,자동차사고벌금(대물),자동차 운전중 사고로 타인의 재물을 손괴하여 도로교통법 제151조(벌칙)에 따른 벌금형을 받은 경우,5백만원,,,,
,,,"자동차사고벌금Ⅲ(대인,비탑승중포함)",'자동차 운전중' 또는 '자동차 운전 후 비탑승 상태'에서 발생한 사고로 타인의 신체에 상해를 입혀 신체상해와 관련하여 벌금형을 받은 경우,3천만원,,,,,,,,,,장기보장성 비교 공시 (2).xls,,,,"자동차사고벌금Ⅲ(대인,비탑승중포함)",'자동차 운전중' 또는 '자동차 운전 후 비탑승 상태'에서 발생한 사고로 타인의 신체에 상해를 입혀 신체상해와 관련하여 벌금형을 받은 경우,3천만원,,,,
,,,"자동차사고변호사선임비용Ⅴ(심급별Ⅱ)(특정사고경찰조사포함Ⅱ,비탑승중포함)","○'자동차 운전중' 또는 '자동차 운전 후 비탑승 상태'에서 발생한 사고로 타인의 신체에 상해를 입혀 구속, 기소(약식기소 제외), 약식기소 후 공판회부 또는 약식명령에 불복하여 정식재판을 청구하는 경우○자동차 운전중 타인을 사망하게 한 경우 또는 중대법규위반 교통사고로 타인의 신체에 상해를 입힌 혐의로 경찰 조사 후 불송치된 경우, 검찰에 의해 약식기소 또는 불기소된 경우○자동차 운전 후 비탑승 상태에서 발생한 사고로 타인을 사망하게 한 혐의로 경찰 조사 후 불송치된 경우, 검찰에 의해 약식기소 또는 불기소된 경우○'자동차 운전중' 또는 '자동차 운전 후 비탑승 상태'에서 발생한 일반교통사고로 타인에게 자동차손해배상보장법 시행령 제3조에서 정한 상해1~3급에 해당하는 부상을 입힌 혐의로 경찰 조사 후 불송치된 경우, 검찰에 의해 약식기소 또는 불기소된 경우",1500만원,,,,,,,,,,장기보장성 비교 공시 (2).xls,,,,"자동차사고변호사선임비용Ⅴ(심급별Ⅱ)(특정사고경찰조사포함Ⅱ,비탑승중포함)","○'자동차 운전중' 또는 '자동차 운전 후 비탑승 상태'에서 발생한 사고로 타인의 신체에 상해를 입혀 구속, 기소(약식기소 제외), 약식기소 후 공판회부 또는 약식명령에 불복하여 정식재판을 청구하는 경우○자동차 운전중 타인을 사망하게 한 경우 또는 중대법규위반 교통사고로 타인의 신체에 상해를 입힌 혐의로 경찰 조사 후 불송치된 경우, 검찰에 의해 약식기소 또는 불기소된 경우○자동차 운전 후 비탑승 상태에서 발생한 사고로 타인을 사망하게 한 혐의로 경찰 조사 후 불송치된 경우, 검찰에 의해 약식기소 또는 불기소된 경우○'자동차 운전중' 또는 '자동차 운전 후 비탑승 상태'에서 발생한 일반교통사고로 타인에게 자동차손해배상보장법 시행령 제3조에서 정한 상해1~3급에 해당하는 부상을 입힌 혐의로 경찰 조사 후 불송치된 경우, 검찰에 의해 약식기소 또는 불기소된 경우",1500만원,,,,
,,,"자동차사고부상(운전자,1-7급)",자동차사고로 발생한 상해로 자동차손해배상보장법 시행령 제3조에 정한 상해 1급 내지 7급을 받은 경우,5백만원,,,,,,,,,,장기보장성 비교 공시 (2).xls,,,,"자동차사고부상(운전자,1-7급)",자동차사고로 발생한 상해로 자동차손해배상보장법 시행령 제3조에 정한 상해 1급 내지 7급을 받은 경우,5백만원,,,,
,,,자동차사고처리지원금(비탑승중포함),"○ '자동차 운전중' 또는 '자동차 운전 후 비탑승 상태'에서 발생한 사고로 타인(피보험자의 부모, 배우자 및 자녀제외)을 사망케하거나 아래와 같은 상해를 입힌 경우○ 자동차 운전중 “중대법규 위반교통사고”로 42일이상 치료를 요한다는 진단받은 경우○ '자동차 운전중' 또는 '자동차 운전 후 비탑승 상태'에서 발생한 “일반교통사고”로 중상해를 입혀 형법 제258조 제1항 또는 제2항, 형법 제268조, 교통사고처리특례법 제3조에 따라 공소제기되거나 자동차손해배상보장법 시행령 제3조에서 정한 상해1~3급에 해당하는 부상을 입힌 경우",2억원,,,,,,,,,,장기보장성 비교 공시 (2).xls,,,,자동차사고처리지원금(비탑승중포함),"○ '자동차 운전중' 또는 '자동차 운전 후 비탑승 상태'에서 발생한 사고로 타인(피보험자의 부모, 배우자 및 자녀제외)을 사망케하거나 아래와 같은 상해를 입힌 경우○ 자동차 운전중 “중대법규 위반교통사고”로 42일이상 치료를 요한다는 진단받은 경우○ '자동차 운전중' 또는 '자동차 운전 후 비탑승 상태'에서 발생한 “일반교통사고”로 중상해를 입혀 형법 제258조 제1항 또는 제2항, 형법 제268조, 교통사고처리특례법 제3조에 따라 공소제기되거나 자동차손해배상보장법 시행령 제3조에서 정한 상해1~3급에 해당하는 부상을 입힌 경우",2억원,,,,
,,,자동차사고벌금(대물),자동차 운전중 사고로 타인의 재물을 손괴하여 도로교통법 제151조(벌칙)에 따른 벌금형을 받은 경우,5백만원,,,,,,,,,,장기보장성 비교 공시 (2).xls,,,,자동차사고벌금(대물),자동차 운전중 사고로 타인의 재물을 손괴하여 도로교통법 제151조(벌칙)에 따른 벌금형을 받은 경우,5백만원,,,,
,,,"자동차사고벌금Ⅲ(대인,비탑승중포함)",'자동차 운전중' 또는 '자동차 운전 후 비탑승 상태'에서 발생한 사고로 타인의 신체에 상해를 입혀 신체상해와 관련하여 벌금형을 받은 경우,3천만원,,,,,,,,,,장기보장성 비교 공시 (2).xls,,,,"자동차사고벌금Ⅲ(대인,비탑승중포함)",'자동차 운전중' 또는 '자동차 운전 후 비탑승 상태'에서 발생한 사고로 타인의 신체에 상해를 입혀 신체상해와 관련하여 벌금형을 받은 경우,3천만원,,,,
,,,"자동차사고변호사선임비용Ⅴ(심급별Ⅱ)(특정사고경찰조사포함Ⅱ,비탑승중포함)","○'자동차 운전중' 또는 '자동차 운전 후 비탑승 상태'에서 발생한 사고로 타인의 신체에 상해를 입혀 구속, 기소(약식기소 제외), 약식기소 후 공판회부 또는 약식명령에 불복하여 정식재판을 청구하는 경우○자동차 운전중 타인을 사망하게 한 경우 또는 중대법규위반 교통사고로 타인의 신체에 상해를 입힌 혐의로 경찰 조사 후 불송치된 경우, 검찰에 의해 약식기소 또는 불기소된 경우○자동차 운전 후 비탑승 상태에서 발생한 사고로 타인을 사망하게 한 혐의로 경찰 조사 후 불송치된 경우, 검찰에 의해 약식기소 또는 불기소된 경우○'자동차 운전중' 또는 '자동차 운전 후 비탑승 상태'에서 발생한 일반교통사고로 타인에게 자동차손해배상보장법 시행령 제3조에서 정한 상해1~3급에 해당하는 부상을 입힌 혐의로 경찰 조사 후 불송치된 경우, 검찰에 의해 약식기소 또는 불기소된 경우",1500만원,,,,,,,,,,장기보장성 비교 공시 (2).xls,,,,"자동차사고변호사선임비용Ⅴ(심급별Ⅱ)(특정사고경찰조사포함Ⅱ,비탑승중포함)","○'자동차 운전중' 또는 '자동차 운전 후 비탑승 상태'에서 발생한 사고로 타인의 신체에 상해를 입혀 구속, 기소(약식기소 제외), 약식기소 후 공판회부 또는 약식명령에 불복하여 정식재판을 청구하는 경우○자동차 운전중 타인을 사망하게 한 경우 또는 중대법규위반 교통사고로 타인의 신체에 상해를 입힌 혐의로 경찰 조사 후 불송치된 경우, 검찰에 의해 약식기소 또는 불기소된 경우○자동차 운전 후 비탑승 상태에서 발생한 사고로 타인을 사망하게 한 혐의로 경찰 조사 후 불송치된 경우, 검찰에 의해 약식기소 또는 불기소된 경우○'자동차 운전중' 또는 '자동차 운전 후 비탑승 상태'에서 발생한 일반교통사고로 타인에게 자동차손해배상보장법 시행령 제3조에서 정한 상해1~3급에 해당하는 부상을 입힌 혐의로 경찰 조사 후 불송치된 경우, 검찰에 의해 약식기소 또는 불기소된 경우",1500만원,,,,
,,,"자동차사고부상(운전자,1-7급)",자동차사고로 발생한 상해로 자동차손해배상보장법 시행령 제3조에 정한 상해 1급 내지 7급을 받은 경우,5백만원,,,,,,,,,,장기보장성 비교 공시 (2).xls,,,,"자동차사고부상(운전자,1-7급)",자동차사고로 발생한 상해로 자동차손해배상보장법 시행령 제3조에 정한 상해 1급 내지 7급을 받은 경우,5백만원,,,,
,,,자동차사고처리지원금(비탑승중포함),"○ '자동차 운전중' 또는 '자동차 운전 후 비탑승 상태'에서 발생한 사고로 타인(피보험자의 부모, 배우자 및 자녀제외)을 사망케하거나 아래와 같은 상해를 입힌 경우○ 자동차 운전중 “중대법규 위반교통사고”로 42일이상 치료를 요한다는 진단받은 경우○ '자동차 운전중' 또는 '자동차 운전 후 비탑승 상태'에서 발생한 “일반교통사고”로 중상해를 입혀 형법 제258조 제1항 또는 제2항, 형법 제268조, 교통사고처리특례법 제3조에 따라 공소제기되거나 자동차손해배상보장법 시행령 제3조에서 정한 상해1~3급에 해당하는 부상을 입힌 경우",2억원,,,,,,,,,,장기보장성 비교 공시 (2).xls,,,,자동차사고처리지원금(비탑승중포함),"○ '자동차 운전중' 또는 '자동차 운전 후 비탑승 상태'에서 발생한 사고로 타인(피보험자의 부모, 배우자 및 자녀제외)을 사망케하거나 아래와 같은 상해를 입힌 경우○ 자동차 운전중 “중대법규 위반교통사고”로 42일이상 치료를 요한다는 진단받은 경우○ '자동차 운전중' 또는 '자동차 운전 후 비탑승 상태'에서 발생한 “일반교통사고”로 중상해를 입혀 형법 제258조 제1항 또는 제2항, 형법 제268조, 교통사고처리특례법 제3조에 따라 공소제기되거나 자동차손해배상보장법 시행령 제3조에서 정한 상해1~3급에 해당하는 부상을 입힌 경우",2억원,,,,
,,,"자동차사고부상(비운전중,1-7급)",비운전중 자동차사고로 발생한 상해로 자동차손해배상보장법 시행령 제3조에 정한 상해 1급 내지 7급을 받은 경우,2000만원,,,,,,,,,,장기보장성 비교 공시 (2).xls,,,,"자동차사고부상(비운전중,1-7급)",비운전중 자동차사고로 발생한 상해로 자동차손해배상보장법 시행령 제3조에 정한 상해 1급 내지 7급을 받은 경우,2000만원,,,,
,,,자동차사고부상Ⅱ(비운전중)(1-2급),비운전중 자동차사고로 발생한 상해로 자동차손해배상보장법 시행령 제3조에 정한 상해등급 1급 내지 2급을 받은 경우,5000만원,,,,,,,,,,장기보장성 비교 공시 (2).xls,,,,자동차사고부상Ⅱ(비운전중)(1-2급),비운전중 자동차사고로 발생한 상해로 자동차손해배상보장법 시행령 제3조에 정한 상해등급 1급 내지 2급을 받은 경우,5000만원,,,,
,,,자동차사고부상Ⅱ(비운전중)(3-4급),비운전중 자동차사고로 발생한 상해로 자동차손해배상보장법 시행령 제3조에 정한 상해등급 3급 내지 4급을 받은 경우,1800만원,,,,,,,,,,장기보장성 비교 공시 (2).xls,,,,자동차사고부상Ⅱ(비운전중)(3-4급),비운전중 자동차사고로 발생한 상해로 자동차손해배상보장법 시행령 제3조에 정한 상해등급 3급 내지 4급을 받은 경우,1800만원,,,,
,,,자동차사고부상Ⅱ(비운전중)(5-14급),비운전중 자동차사고로 발생한 상해로 자동차손해배상보장법 시행령 제3조에 정한 상해등급 5급 내지 14급을 받은 경우,450만원,,,,,,,,,,장기보장성 비교 공시 (2).xls,,,,자동차사고부상Ⅱ(비운전중)(5-14급),비운전중 자동차사고로 발생한 상해로 자동차손해배상보장법 시행령 제3조에 정한 상해등급 5급 내지 14급을 받은 경우,450만원,,,,
,,,자동차사고벌금(대물),자동차 운전중 사고로 타인의 재물을 손괴하여 도로교통법 제151조(벌칙)에 따른 벌금형이 확정된 경우,500만원,,,,,,,,,,장기보장성 비교 공시 (2).xls,,,,자동차사고벌금(대물),자동차 운전중 사고로 타인의 재물을 손괴하여 도로교통법 제151조(벌칙)에 따른 벌금형이 확정된 경우,500만원,,,,
,,,"자동차사고벌금Ⅲ(대인,비탑승중포함)",'자동차 운전중' 또는 '자동차 운전 후 비탑승 상태'에서 발생한 사고로 타인의 신체에 상해를 입혀 신체상해와 관련하여 벌금형을 받은 경우,3000만원,,,,,,,,,,장기보장성 비교 공시 (2).xls,,,,"자동차사고벌금Ⅲ(대인,비탑승중포함)",'자동차 운전중' 또는 '자동차 운전 후 비탑승 상태'에서 발생한 사고로 타인의 신체에 상해를 입혀 신체상해와 관련하여 벌금형을 받은 경우,3000만원,,,,
,,,"자동차사고변호사선임비용Ⅴ(심급별Ⅱ)(특정사고경찰조사포함Ⅱ,비탑승중포함)","○'자동차 운전중' 또는 '자동차 운전 후 비탑승 상태'에서 발생한 사고로 타인의 신체에 상해를 입혀 구속, 기소(약식기소 제외), 약식기소 후 공판회부 또는 약식명령에 불복하여 정식재판을 청구하는 경우○자동차 운전중 타인을 사망하게 한 경우 또는 중대법규위반 교통사고로 타인의 신체에 상해를 입힌 혐의로 경찰 조사 후 불송치된 경우, 검찰에 의해 약식기소 또는 불기소된 경우○자동차 운전 후 비탑승 상태에서 발생한 사고로 타인을 사망하게 한 혐의로 경찰 조사 후 불송치된 경우, 검찰에 의해 약식기소 또는 불기소된 경우○'자동차 운전중' 또는 '자동차 운전 후 비탑승 상태'에서 발생한 일반교통사고로 타인에게 자동차손해배상보장법 시행령 제3조에서 정한 상해1~3급에 해당하는 부상을 입힌 혐의로 경찰 조사 후 불송치된 경우, 검찰에 의해 약식기소 또는 불기소된 경우",1500만원,,,,,,,,,,장기보장성 비교 공시 (2).xls,,,,"자동차사고변호사선임비용Ⅴ(심급별Ⅱ)(특정사고경찰조사포함Ⅱ,비탑승중포함)","○'자동차 운전중' 또는 '자동차 운전 후 비탑승 상태'에서 발생한 사고로 타인의 신체에 상해를 입혀 구속, 기소(약식기소 제외), 약식기소 후 공판회부 또는 약식명령에 불복하여 정식재판을 청구하는 경우○자동차 운전중 타인을 사망하게 한 경우 또는 중대법규위반 교통사고로 타인의 신체에 상해를 입힌 혐의로 경찰 조사 후 불송치된 경우, 검찰에 의해 약식기소 또는 불기소된 경우○자동차 운전 후 비탑승 상태에서 발생한 사고로 타인을 사망하게 한 혐의로 경찰 조사 후 불송치된 경우, 검찰에 의해 약식기소 또는 불기소된 경우○'자동차 운전중' 또는 '자동차 운전 후 비탑승 상태'에서 발생한 일반교통사고로 타인에게 자동차손해배상보장법 시행령 제3조에서 정한 상해1~3급에 해당하는 부상을 입힌 혐의로 경찰 조사 후 불송치된 경우, 검찰에 의해 약식기소 또는 불기소된 경우",1500만원,,,,
,,,"자동차사고부상(운전자,1-7급)",자동차사고로 발생한 상해로 자동차손해배상보장법 시행령 제3조에 정한 상해 1급 내지 7급을 받은 경우,2000만원,,,,,,,,,,장기보장성 비교 공시 (2).xls,,,,"자동차사고부상(운전자,1-7급)",자동차사고로 발생한 상해로 자동차손해배상보장법 시행령 제3조에 정한 상해 1급 내지 7급을 받은 경우,2000만원,,,,
,,,자동차사고처리지원금(비탑승중포함)(사망),"'자동차 운전중' 또는 '자동차 운전 후 비탑승 상태'에서 발생한 사고로 타인(피보험자의 부모, 배우자 및 자녀제외)을 사망하게 한 경우",2억원,,,,,,,,,,장기보장성 비교 공시 (2).xls,,,,자동차사고처리지원금(비탑승중포함)(사망),"'자동차 운전중' 또는 '자동차 운전 후 비탑승 상태'에서 발생한 사고로 타인(피보험자의 부모, 배우자 및 자녀제외)을 사망하게 한 경우",2억원,,,,
,,,자동차사고처리지원금(비탑승중포함)(중과실),"자동차 운전중 “중대법규 위반교통사고”로  타인(피보험자의 부모, 배우자 및 자녀제외)이 42일이상 치료를 요한다는 진단받은 경우",1억5000만원,,,,,,,,,,장기보장성 비교 공시 (2).xls,,,,자동차사고처리지원금(비탑승중포함)(중과실),"자동차 운전중 “중대법규 위반교통사고”로  타인(피보험자의 부모, 배우자 및 자녀제외)이 42일이상 치료를 요한다는 진단받은 경우",1억5000만원,,,,
,,,자동차사고처리지원금(비탑승중포함)(중상해),"'자동차 운전중' 또는 '자동차 운전 후 비탑승 상태'에서 발생한 ‘일반교통사고’로 타인(피보험자의 부모, 배우자 및 자녀제외)에게 중상해를 입히거나 자동차손해배상보장법 시행령 제3조에서 정한 상해1~3급에 해당하는 부상을 입힌 경우",2억원,,,,,,,,,,장기보장성 비교 공시 (2).xls,,,,자동차사고처리지원금(비탑승중포함)(중상해),"'자동차 운전중' 또는 '자동차 운전 후 비탑승 상태'에서 발생한 ‘일반교통사고’로 타인(피보험자의 부모, 배우자 및 자녀제외)에게 중상해를 입히거나 자동차손해배상보장법 시행령 제3조에서 정한 상해1~3급에 해당하는 부상을 입힌 경우",2억원,,,,
,,,자동차사고벌금(대물),자동차 운전중 사고로 타인의 재물을 손괴하여 도로교통법 제151조(벌칙)에 따른 벌금형이 확정된 경우,500만원,,,,,,,,,,장기보장성 비교 공시 (2).xls,,,,자동차사고벌금(대물),자동차 운전중 사고로 타인의 재물을 손괴하여 도로교통법 제151조(벌칙)에 따른 벌금형이 확정된 경우,500만원,,,,
,,,"자동차사고벌금Ⅲ(대인,비탑승중포함)",'자동차 운전중' 또는 '자동차 운전 후 비탑승 상태'에서 발생한 사고로 타인의 신체에 상해를 입혀 신체상해와 관련하여 벌금형을 받은 경우,3000만원,,,,,,,,,,장기보장성 비교 공시 (2).xls,,,,"자동차사고벌금Ⅲ(대인,비탑승중포함)",'자동차 운전중' 또는 '자동차 운전 후 비탑승 상태'에서 발생한 사고로 타인의 신체에 상해를 입혀 신체상해와 관련하여 벌금형을 받은 경우,3000만원,,,,
,,,"자동차사고변호사선임비용Ⅴ(심급별Ⅱ)(특정사고경찰조사포함Ⅱ,비탑승중포함)","○'자동차 운전중' 또는 '자동차 운전 후 비탑승 상태'에서 발생한 사고로 타인의 신체에 상해를 입혀 구속, 기소(약식기소 제외), 약식기소 후 공판회부 또는 약식명령에 불복하여 정식재판을 청구하는 경우○자동차 운전중 타인을 사망하게 한 경우 또는 중대법규위반 교통사고로 타인의 신체에 상해를 입힌 혐의로 경찰 조사 후 불송치된 경우, 검찰에 의해 약식기소 또는 불기소된 경우○자동차 운전 후 비탑승 상태에서 발생한 사고로 타인을 사망하게 한 혐의로 경찰 조사 후 불송치된 경우, 검찰에 의해 약식기소 또는 불기소된 경우○'자동차 운전중' 또는 '자동차 운전 후 비탑승 상태'에서 발생한 일반교통사고로 타인에게 자동차손해배상보장법 시행령 제3조에서 정한 상해1~3급에 해당하는 부상을 입힌 혐의로 경찰 조사 후 불송치된 경우, 검찰에 의해 약식기소 또는 불기소된 경우",1500만원,,,,,,,,,,장기보장성 비교 공시 (2).xls,,,,"자동차사고변호사선임비용Ⅴ(심급별Ⅱ)(특정사고경찰조사포함Ⅱ,비탑승중포함)","○'자동차 운전중' 또는 '자동차 운전 후 비탑승 상태'에서 발생한 사고로 타인의 신체에 상해를 입혀 구속, 기소(약식기소 제외), 약식기소 후 공판회부 또는 약식명령에 불복하여 정식재판을 청구하는 경우○자동차 운전중 타인을 사망하게 한 경우 또는 중대법규위반 교통사고로 타인의 신체에 상해를 입힌 혐의로 경찰 조사 후 불송치된 경우, 검찰에 의해 약식기소 또는 불기소된 경우○자동차 운전 후 비탑승 상태에서 발생한 사고로 타인을 사망하게 한 혐의로 경찰 조사 후 불송치된 경우, 검찰에 의해 약식기소 또는 불기소된 경우○'자동차 운전중' 또는 '자동차 운전 후 비탑승 상태'에서 발생한 일반교통사고로 타인에게 자동차손해배상보장법 시행령 제3조에서 정한 상해1~3급에 해당하는 부상을 입힌 혐의로 경찰 조사 후 불송치된 경우, 검찰에 의해 약식기소 또는 불기소된 경우",1500만원,,,,
,,,"자동차사고부상(운전자,1-7급)",자동차사고로 발생한 상해로 자동차손해배상보장법 시행령 제3조에 정한 상해 1급 내지 7급을 받은 경우,2000만원,,,,,,,,,,장기보장성 비교 공시 (2).xls,,,,"자동차사고부상(운전자,1-7급)",자동차사고로 발생한 상해로 자동차손해배상보장법 시행령 제3조에 정한 상해 1급 내지 7급을 받은 경우,2000만원,,,,
,,,자동차사고처리지원금(비탑승중포함)(사망),"'자동차 운전중' 또는 '자동차 운전 후 비탑승 상태'에서 발생한 사고로 타인(피보험자의 부모, 배우자 및 자녀제외)을 사망하게 한 경우",2억원,,,,,,,,,,장기보장성 비교 공시 (2).xls,,,,자동차사고처리지원금(비탑승중포함)(사망),"'자동차 운전중' 또는 '자동차 운전 후 비탑승 상태'에서 발생한 사고로 타인(피보험자의 부모, 배우자 및 자녀제외)을 사망하게 한 경우",2억원,,,,
,,,자동차사고처리지원금(비탑승중포함)(중과실),"자동차 운전중 “중대법규 위반교통사고”로  타인(피보험자의 부모, 배우자 및 자녀제외)이 42일이상 치료를 요한다는 진단받은 경우",1억5000만원,,,,,,,,,,장기보장성 비교 공시 (2).xls,,,,자동차사고처리지원금(비탑승중포함)(중과실),"자동차 운전중 “중대법규 위반교통사고”로  타인(피보험자의 부모, 배우자 및 자녀제외)이 42일이상 치료를 요한다는 진단받은 경우",1억5000만원,,,,
,,,자동차사고처리지원금(비탑승중포함)(중상해),"'자동차 운전중' 또는 '자동차 운전 후 비탑승 상태'에서 발생한 ‘일반교통사고’로 타인(피보험자의 부모, 배우자 및 자녀제외)에게 중상해를 입히거나 자동차손해배상보장법 시행령 제3조에서 정한 상해1~3급에 해당하는 부상을 입힌 경우",2억원,,,,,,,,,,장기보장성 비교 공시 (2).xls,,,,자동차사고처리지원금(비탑승중포함)(중상해),"'자동차 운전중' 또는 '자동차 운전 후 비탑승 상태'에서 발생한 ‘일반교통사고’로 타인(피보험자의 부모, 배우자 및 자녀제외)에게 중상해를 입히거나 자동차손해배상보장법 시행령 제3조에서 정한 상해1~3급에 해당하는 부상을 입힌 경우",2억원,,,,
,,,이륜자동차사고처리지원금,"이륜자동차 운전중 사고로 타인(동승자 및 피보험자의 부모, 배우자 및 자녀제외)을 사망케하거나 아래와 같은 상해를 입힌 경우○“중대법규 위반교통사고”로 42일이상 진단받은 경우○“일반교통사고”로 중상해를 입혀 형법 제258조 제1항 또는 제2항, 형법 제268조, 교통사고처리특례법 제3조에 따라 공소제기되거나 자동차손해배상보장법 시행령 제3조에서 정한 상해1~3급에 해당하는 부상을 입힌 경우",,,,,,,,,,,장기보장성 비교 공시 (2).xls,,,,이륜자동차사고처리지원금,"이륜자동차 운전중 사고로 타인(동승자 및 피보험자의 부모, 배우자 및 자녀제외)을 사망케하거나 아래와 같은 상해를 입힌 경우○“중대법규 위반교통사고”로 42일이상 진단받은 경우○“일반교통사고”로 중상해를 입혀 형법 제258조 제1항 또는 제2항, 형법 제268조, 교통사고처리특례법 제3조에 따라 공소제기되거나 자동차손해배상보장법 시행령 제3조에서 정한 상해1~3급에 해당하는 부상을 입힌 경우",,,,,
,,,자동차사고벌금(대물),자동차 운전중 사고로 타인의 재물을 손괴하여 도로교통법 제151조(벌칙)에 따른 벌금형이 확정된 경우,5백만원,,,,,,,,,,장기보장성 비교 공시 (2).xls,,,,자동차사고벌금(대물),자동차 운전중 사고로 타인의 재물을 손괴하여 도로교통법 제151조(벌칙)에 따른 벌금형이 확정된 경우,5백만원,,,,
,,,자동차사고벌금Ⅱ(대인),자동차 운전중 사고로 타인의 신체에 상해를 입혀 신체상해와 관련하여 벌금형을 받은 경우,3천만원,,,,,,,,,,장기보장성 비교 공시 (2).xls,,,,자동차사고벌금Ⅱ(대인),자동차 운전중 사고로 타인의 신체에 상해를 입혀 신체상해와 관련하여 벌금형을 받은 경우,3천만원,,,,
,,,자동차사고변호사선임비용Ⅴ(심급별Ⅱ)(특정경찰조사포함Ⅱ),"○ 자동차 운전중 발생한 사고로 타인의 신체에 상해를 입혀 구속, 기소(약식기소 제외), 약식기소 후 공판회부, 약식명령에 불복하여 정식재판을 청구하는 경우○ 자동차 운전중 발생한 사고로 타인을 사망하게 한 경우 또는 중대법규위반 교통사고로 타인의 신체에 상해를 입힌 혐의로 경찰 조사 후 불송치된 경우, 검찰에 의해 약식기소 또는 불기소된 경우○ 자동차 운전중 발생한 일반교통사고로 타인에게 자동차손해배상보장법 시행령 제3조에서 정한 상해1~3급에 해당하는 부상을 입힌 혐의로 경찰 조사 후 불송치된 경우, 검찰에 의해 약식기소 또는 불기소된 경우",1천5백만원,,,,,,,,,,장기보장성 비교 공시 (2).xls,,,,자동차사고변호사선임비용Ⅴ(심급별Ⅱ)(특정경찰조사포함Ⅱ),"○ 자동차 운전중 발생한 사고로 타인의 신체에 상해를 입혀 구속, 기소(약식기소 제외), 약식기소 후 공판회부, 약식명령에 불복하여 정식재판을 청구하는 경우○ 자동차 운전중 발생한 사고로 타인을 사망하게 한 경우 또는 중대법규위반 교통사고로 타인의 신체에 상해를 입힌 혐의로 경찰 조사 후 불송치된 경우, 검찰에 의해 약식기소 또는 불기소된 경우○ 자동차 운전중 발생한 일반교통사고로 타인에게 자동차손해배상보장법 시행령 제3조에서 정한 상해1~3급에 해당하는 부상을 입힌 혐의로 경찰 조사 후 불송치된 경우, 검찰에 의해 약식기소 또는 불기소된 경우",1천5백만원,,,,
,,,자동차사고벌금(대물),자동차 운전중 사고로 타인의 재물을 손괴하여 도로교통법 제151조(벌칙)에 따른 벌금형이 확정된 경우,5백만원,,,,,,,,,,장기보장성 비교 공시 (2).xls,,,,자동차사고벌금(대물),자동차 운전중 사고로 타인의 재물을 손괴하여 도로교통법 제151조(벌칙)에 따른 벌금형이 확정된 경우,5백만원,,,,
,,,"자동차사고벌금Ⅲ(대인,비탑승중포함)",자동차 운전중 발생한 사고 또는 자동차 운전 후 비탑승 상태에서 발생한 사고로 타인의 신체에 상해를 입혀 신체상해와 관련하여 벌금형을 받은 경우,3천만원,,,,,,,,,,장기보장성 비교 공시 (2).xls,,,,"자동차사고벌금Ⅲ(대인,비탑승중포함)",자동차 운전중 발생한 사고 또는 자동차 운전 후 비탑승 상태에서 발생한 사고로 타인의 신체에 상해를 입혀 신체상해와 관련하여 벌금형을 받은 경우,3천만원,,,,
,,,"자동차사고변호사선임비용Ⅴ(심급별Ⅱ)(특정경찰조사포함Ⅱ,비탑승중포함)","자동차 운전중 발생한 사고 또는 자동차 운전 후 비탑승 상태에서 발생한 사고로 타인의 신체에 상해를 입혀 구속, 기소(약식기소 제외), 약식기소 후 공판회부, 약식명령에 불복하여 정식재판을 청구하는 경우",1천5백만원,,,,,,,,,,장기보장성 비교 공시 (2).xls,,,,"자동차사고변호사선임비용Ⅴ(심급별Ⅱ)(특정경찰조사포함Ⅱ,비탑승중포함)","자동차 운전중 발생한 사고 또는 자동차 운전 후 비탑승 상태에서 발생한 사고로 타인의 신체에 상해를 입혀 구속, 기소(약식기소 제외), 약식기소 후 공판회부, 약식명령에 불복하여 정식재판을 청구하는 경우",1천5백만원,,,,
,,,자동차사고처리지원금(비탑승중포함),"자동차 운전중 발생한 사고 또는 자동차 운전 후 비탑승 상태에서 발생한 사고로 타인(피보험자의 부모, 배우자 및 자녀제외)을 사망케하거나 상해를 입힌 경우",2억원,,,,,,,,,,장기보장성 비교 공시 (2).xls,,,,자동차사고처리지원금(비탑승중포함),"자동차 운전중 발생한 사고 또는 자동차 운전 후 비탑승 상태에서 발생한 사고로 타인(피보험자의 부모, 배우자 및 자녀제외)을 사망케하거나 상해를 입힌 경우",2억원,,,,
,,,이륜자동차사고처리지원금,"이륜자동차 운전중 사고로 타인(동승자 및 피보험자의 부모, 배우자 및 자녀제외)을 사망케하거나 아래와 같은 상해를 입힌 경우○“중대법규 위반교통사고”로 42일이상 진단받은 경우○“일반교통사고”로 중상해를 입혀 형법 제258조 제1항 또는 제2항, 형법 제268조, 교통사고처리특례법 제3조에 따라 공소제기되거나 자동차손해배상보장법 시행령 제3조에서 정한 상해1~3급에 해당하는 부상을 입힌 경우",,,,,,,,,,,장기보장성 비교 공시 (2).xls,,,,이륜자동차사고처리지원금,"이륜자동차 운전중 사고로 타인(동승자 및 피보험자의 부모, 배우자 및 자녀제외)을 사망케하거나 아래와 같은 상해를 입힌 경우○“중대법규 위반교통사고”로 42일이상 진단받은 경우○“일반교통사고”로 중상해를 입혀 형법 제258조 제1항 또는 제2항, 형법 제268조, 교통사고처리특례법 제3조에 따라 공소제기되거나 자동차손해배상보장법 시행령 제3조에서 정한 상해1~3급에 해당하는 부상을 입힌 경우",,,,,
,,,자동차사고벌금(대물),자동차 운전중 사고로 타인의 재물을 손괴하여 도로교통법 제151조(벌칙)에 따른 벌금형이 확정된 경우,5백만원,,,,,,,,,,장기보장성 비교 공시 (2).xls,,,,자동차사고벌금(대물),자동차 운전중 사고로 타인의 재물을 손괴하여 도로교통법 제151조(벌칙)에 따른 벌금형이 확정된 경우,5백만원,,,,
,,,자동차사고벌금Ⅱ(대인),자동차 운전중 사고로 타인의 신체에 상해를 입혀 신체상해와 관련하여 벌금형을 받은 경우,3천만원,,,,,,,,,,장기보장성 비교 공시 (2).xls,,,,자동차사고벌금Ⅱ(대인),자동차 운전중 사고로 타인의 신체에 상해를 입혀 신체상해와 관련하여 벌금형을 받은 경우,3천만원,,,,
,,,자동차사고변호사선임비용Ⅴ(심급별Ⅱ)(특정경찰조사포함Ⅱ),"자동차 운전중 사고로 타인의 신체에 상해를 입혀 구속, 기소(약식기소 제외), 약식기소 후 공판회부 또는 약식명령에 불복하여 정식재판을 청구하는 경우",1천5백만원,,,,,,,,,,장기보장성 비교 공시 (2).xls,,,,자동차사고변호사선임비용Ⅴ(심급별Ⅱ)(특정경찰조사포함Ⅱ),"자동차 운전중 사고로 타인의 신체에 상해를 입혀 구속, 기소(약식기소 제외), 약식기소 후 공판회부 또는 약식명령에 불복하여 정식재판을 청구하는 경우",1천5백만원,,,,
,,,이륜자동차 운전중 교통상해사망,보험기간 중 교통상해사고로 사망시,보험가입금액(최초1회한),,,,,,,,,,장기보장성 비교 공시 (2).xls,,,,이륜자동차 운전중 교통상해사망,보험기간 중 교통상해사고로 사망시,보험가입금액(최초1회한),,,,
,,,이륜자동차운전중자동차사고부상보장(1~3급),이륜자동차 운전중 교통사고로 신체에 상해를 입고 그 직접결과로써 자동차손해배상보장법 시행령 제3조에서 정한 상해등급(1~3급)을 받은 경우,보험가입금액,,,,,,,,,,장기보장성 비교 공시 (2).xls,,,,이륜자동차운전중자동차사고부상보장(1~3급),이륜자동차 운전중 교통사고로 신체에 상해를 입고 그 직접결과로써 자동차손해배상보장법 시행령 제3조에서 정한 상해등급(1~3급)을 받은 경우,보험가입금액,,,,
,,,자동차사고 변호사선임비용손해Ⅲ(경찰조사포함)(비탑승중포함)(운전자),"자동차 운전중 또는 운전 후 비탑승 상태에서 교통사고로 타인의 신체에 상해를 입힘으로써 구속되거나 공소제기(약식기소 제외) 된 경우, 약식기소 되었으나 법원에 의해 보통의 심판절차인 공판절차에 의해 재판이 진행되게 된 경우, 약식명령에 대하여 정식재판을 청구한 경우, 타인을 사망하게 하거나 중대법규위반 교통사고로 타인의 신체에 상해를 입혀 경찰조사후 불송치되거나 약식기소 또는 불기소된 경우, 중대법규위반 교통사고에 해당하지 않는 교통사고로 타인의 신체에 부상등급 1~3급에 해당하는 부상을 입혀 경찰조사 후 불송치되거나 약식기소 또는 불기소 된 경우",보험가입금액 한도,,,,,,,,,,장기보장성 비교 공시 (2).xls,,,,자동차사고 변호사선임비용손해Ⅲ(경찰조사포함)(비탑승중포함)(운전자),"자동차 운전중 또는 운전 후 비탑승 상태에서 교통사고로 타인의 신체에 상해를 입힘으로써 구속되거나 공소제기(약식기소 제외) 된 경우, 약식기소 되었으나 법원에 의해 보통의 심판절차인 공판절차에 의해 재판이 진행되게 된 경우, 약식명령에 대하여 정식재판을 청구한 경우, 타인을 사망하게 하거나 중대법규위반 교통사고로 타인의 신체에 상해를 입혀 경찰조사후 불송치되거나 약식기소 또는 불기소된 경우, 중대법규위반 교통사고에 해당하지 않는 교통사고로 타인의 신체에 부상등급 1~3급에 해당하는 부상을 입혀 경찰조사 후 불송치되거나 약식기소 또는 불기소 된 경우",보험가입금액 한도,,,,
,,,자동차사고벌금(대물)(운전자),자동차 운전 중 교통사고로 도로교통법 제151조(벌칙)에 따른 벌금형이 확정된 경우,,,,,,,,,,,장기보장성 비교 공시 (2).xls,,,,자동차사고벌금(대물)(운전자),자동차 운전 중 교통사고로 도로교통법 제151조(벌칙)에 따른 벌금형이 확정된 경우,,,,,
,,,자동차사고벌금Ⅱ(비탑승중포함)(스쿨존사고 3천만원한도)(운전자),자동차 운전중 또는 운전 후 비탑승 상태에서 교통사고로 타인의 신체에 상해를 입힘으로써 확정판결로 벌금을 부담하는 경우,,,,,,,,,,,장기보장성 비교 공시 (2).xls,,,,자동차사고벌금Ⅱ(비탑승중포함)(스쿨존사고 3천만원한도)(운전자),자동차 운전중 또는 운전 후 비탑승 상태에서 교통사고로 타인의 신체에 상해를 입힘으로써 확정판결로 벌금을 부담하는 경우,,,,,
,,,자동차사고 변호사선임비용손해Ⅲ(경찰조사포함)(비탑승중포함)(운전자),"자동차 운전중 또는 운전 후 비탑승 상태에서 교통사고로 타인의 신체에 상해를 입힘으로써 구속되거나 공소제기(약식기소 제외) 된 경우, 약식기소 되었으나 법원에 의해 보통의 심판절차인 공판절차에 의해 재판이 진행되게 된 경우, 약식명령에 대하여 정식재판을 청구한 경우, 타인을 사망하게 하거나 중대법규위반 교통사고로 타인의 신체에 상해를 입혀 경찰조사후 불송치되거나 약식기소 또는 불기소된 경우, 중대법규위반 교통사고에 해당하지 않는 교통사고로 타인의 신체에 부상등급 1~3급에 해당하는 부상을 입혀 경찰조사 후 불송치되거나 약식기소 또는 불기소 된 경우",보험가입금액 한도,,,,,,,,,,장기보장성 비교 공시 (2).xls,,,,자동차사고 변호사선임비용손해Ⅲ(경찰조사포함)(비탑승중포함)(운전자),"자동차 운전중 또는 운전 후 비탑승 상태에서 교통사고로 타인의 신체에 상해를 입힘으로써 구속되거나 공소제기(약식기소 제외) 된 경우, 약식기소 되었으나 법원에 의해 보통의 심판절차인 공판절차에 의해 재판이 진행되게 된 경우, 약식명령에 대하여 정식재판을 청구한 경우, 타인을 사망하게 하거나 중대법규위반 교통사고로 타인의 신체에 상해를 입혀 경찰조사후 불송치되거나 약식기소 또는 불기소된 경우, 중대법규위반 교통사고에 해당하지 않는 교통사고로 타인의 신체에 부상등급 1~3급에 해당하는 부상을 입혀 경찰조사 후 불송치되거나 약식기소 또는 불기소 된 경우",보험가입금액 한도,,,,
,,,자동차사고벌금(대물)(운전자),자동차 운전 중 교통사고로 도로교통법 제151조(벌칙)에 따른 벌금형이 확정된 경우,,,,,,,,,,,장기보장성 비교 공시 (2).xls,,,,자동차사고벌금(대물)(운전자),자동차 운전 중 교통사고로 도로교통법 제151조(벌칙)에 따른 벌금형이 확정된 경우,,,,,
,,,자동차사고벌금Ⅱ(비탑승중포함)(스쿨존사고 3천만원한도)(운전자),자동차 운전중 또는 운전 후 비탑승 상태에서 교통사고로 타인의 신체에 상해를 입힘으로써 확정판결로 벌금을 부담하는 경우,,,,,,,,,,,장기보장성 비교 공시 (2).xls,,,,자동차사고벌금Ⅱ(비탑승중포함)(스쿨존사고 3천만원한도)(운전자),자동차 운전중 또는 운전 후 비탑승 상태에서 교통사고로 타인의 신체에 상해를 입힘으로써 확정판결로 벌금을 부담하는 경우,,,,,
,,,이륜자동차 운전중 교통상해사망,보험기간 중 교통상해사고로 사망시,보험가입금액(최초1회한),,,,,,,,,,장기보장성 비교 공시 (2).xls,,,,이륜자동차 운전중 교통상해사망,보험기간 중 교통상해사고로 사망시,보험가입금액(최초1회한),,,,
,,,이륜자동차운전중자동차사고부상보장(1~3급),이륜자동차 운전중 교통사고로 신체에 상해를 입고 그 직접결과로써 자동차손해배상보장법 시행령 제3조에서 정한 상해등급(1~3급)을 받은 경우,보험가입금액,,,,,,,,,,장기보장성 비교 공시 (2).xls,,,,이륜자동차운전중자동차사고부상보장(1~3급),이륜자동차 운전중 교통사고로 신체에 상해를 입고 그 직접결과로써 자동차손해배상보장법 시행령 제3조에서 정한 상해등급(1~3급)을 받은 경우,보험가입금액,,,,
,,,자동차사고 변호사선임비용손해Ⅲ(경찰조사포함)(비탑승중포함)(운전자),"자동차 운전중 또는 운전 후 비탑승 상태에서 교통사고로 타인의 신체에 상해를 입힘으로써 구속되거나 공소제기(약식기소 제외) 된 경우, 약식기소 되었으나 법원에 의해 보통의 심판절차인 공판절차에 의해 재판이 진행되게 된 경우, 약식명령에 대하여 정식재판을 청구한 경우, 타인을 사망하게 하거나 중대법규위반 교통사고로 타인의 신체에 상해를 입혀 경찰조사후 불송치되거나 약식기소 또는 불기소된 경우, 중대법규위반 교통사고에 해당하지 않는 교통사고로 타인의 신체에 부상등급 1~3급에 해당하는 부상을 입혀 경찰조사 후 불송치되거나 약식기소 또는 불기소 된 경우",보험가입금액 한도,,,,,,,,,,장기보장성 비교 공시 (2).xls,,,,자동차사고 변호사선임비용손해Ⅲ(경찰조사포함)(비탑승중포함)(운전자),"자동차 운전중 또는 운전 후 비탑승 상태에서 교통사고로 타인의 신체에 상해를 입힘으로써 구속되거나 공소제기(약식기소 제외) 된 경우, 약식기소 되었으나 법원에 의해 보통의 심판절차인 공판절차에 의해 재판이 진행되게 된 경우, 약식명령에 대하여 정식재판을 청구한 경우, 타인을 사망하게 하거나 중대법규위반 교통사고로 타인의 신체에 상해를 입혀 경찰조사후 불송치되거나 약식기소 또는 불기소된 경우, 중대법규위반 교통사고에 해당하지 않는 교통사고로 타인의 신체에 부상등급 1~3급에 해당하는 부상을 입혀 경찰조사 후 불송치되거나 약식기소 또는 불기소 된 경우",보험가입금액 한도,,,,
,,,자동차사고벌금(대물)(운전자),자동차 운전 중 교통사고로 도로교통법 제151조(벌칙)에 따른 벌금형이 확정된 경우,,,,,,,,,,,장기보장성 비교 공시 (2).xls,,,,자동차사고벌금(대물)(운전자),자동차 운전 중 교통사고로 도로교통법 제151조(벌칙)에 따른 벌금형이 확정된 경우,,,,,
,,,자동차사고벌금Ⅱ(비탑승중포함)(스쿨존사고 3천만원한도)(운전자),자동차 운전중 또는 운전 후 비탑승 상태에서 교통사고로 타인의 신체에 상해를 입힘으로써 확정판결로 벌금을 부담하는 경우,,,,,,,,,,,장기보장성 비교 공시 (2).xls,,,,자동차사고벌금Ⅱ(비탑승중포함)(스쿨존사고 3천만원한도)(운전자),자동차 운전중 또는 운전 후 비탑승 상태에서 교통사고로 타인의 신체에 상해를 입힘으로써 확정판결로 벌금을 부담하는 경우,,,,,
,,,자동차사고 변호사선임비용손해Ⅲ(경찰조사포함)(비탑승중포함)(운전자),"자동차 운전중 또는 운전 후 비탑승 상태에서 교통사고로 타인의 신체에 상해를 입힘으로써 구속되거나 공소제기(약식기소 제외) 된 경우, 약식기소 되었으나 법원에 의해 보통의 심판절차인 공판절차에 의해 재판이 진행되게 된 경우, 약식명령에 대하여 정식재판을 청구한 경우, 타인을 사망하게 하거나 중대법규위반 교통사고로 타인의 신체에 상해를 입혀 경찰조사후 불송치되거나 약식기소 또는 불기소된 경우, 중대법규위반 교통사고에 해당하지 않는 교통사고로 타인의 신체에 부상등급 1~3급에 해당하는 부상을 입혀 경찰조사 후 불송치되거나 약식기소 또는 불기소 된 경우",보험가입금액 한도,,,,,,,,,,장기보장성 비교 공시 (2).xls,,,,자동차사고 변호사선임비용손해Ⅲ(경찰조사포함)(비탑승중포함)(운전자),"자동차 운전중 또는 운전 후 비탑승 상태에서 교통사고로 타인의 신체에 상해를 입힘으로써 구속되거나 공소제기(약식기소 제외) 된 경우, 약식기소 되었으나 법원에 의해 보통의 심판절차인 공판절차에 의해 재판이 진행되게 된 경우, 약식명령에 대하여 정식재판을 청구한 경우, 타인을 사망하게 하거나 중대법규위반 교통사고로 타인의 신체에 상해를 입혀 경찰조사후 불송치되거나 약식기소 또는 불기소된 경우, 중대법규위반 교통사고에 해당하지 않는 교통사고로 타인의 신체에 부상등급 1~3급에 해당하는 부상을 입혀 경찰조사 후 불송치되거나 약식기소 또는 불기소 된 경우",보험가입금액 한도,,,,
,,,자동차사고벌금(대물)(운전자),자동차 운전 중 교통사고로 도로교통법 제151조(벌칙)에 따른 벌금형이 확정된 경우,,,,,,,,,,,장기보장성 비교 공시 (2).xls,,,,자동차사고벌금(대물)(운전자),자동차 운전 중 교통사고로 도로교통법 제151조(벌칙)에 따른 벌금형이 확정된 경우,,,,,
,,,자동차사고벌금Ⅱ(비탑승중포함)(스쿨존사고 3천만원한도)(운전자),자동차 운전중 또는 운전 후 비탑승 상태에서 교통사고로 타인의 신체에 상해를 입힘으로써 확정판결로 벌금을 부담하는 경우,,,,,,,,,,,장기보장성 비교 공시 (2).xls,,,,자동차사고벌금Ⅱ(비탑승중포함)(스쿨존사고 3천만원한도)(운전자),자동차 운전중 또는 운전 후 비탑승 상태에서 교통사고로 타인의 신체에 상해를 입힘으로써 확정판결로 벌금을 부담하는 경우,,,,,
,,,자동차사고벌금(대물)(운전자),자동차 운전 중 교통사고로 도로교통법 제151조(벌칙)에 따른 벌금형이 확정된 경우,보험가입금액 한도,,,,,,,,,,장기보장성 비교 공시 (2).xls,,,,자동차사고벌금(대물)(운전자),자동차 운전 중 교통사고로 도로교통법 제151조(벌칙)에 따른 벌금형이 확정된 경우,보험가입금액 한도,,,,
,,,자동차사고벌금Ⅱ(비탑승중포함)(스쿨존사고 3천만원 한도)(운전자),자동차 운전중 또는 운전 후 비탑승 상태에서 교통사고로 타인의 신체에 상해를 입힘으로써 확정판결로 벌금을 부담하는 경우,,,,,,,,,,,장기보장성 비교 공시 (2).xls,,,,자동차사고벌금Ⅱ(비탑승중포함)(스쿨존사고 3천만원 한도)(운전자),자동차 운전중 또는 운전 후 비탑승 상태에서 교통사고로 타인의 신체에 상해를 입힘으로써 확정판결로 벌금을 부담하는 경우,,,,,
,,,자동차사고변호사선임비용손해Ⅲ(경찰조사포함)(비탑승중포함)(운전자),"자동차 운전중 또는 운전 후 비탑승 상태에서 교통사고로 타인의 신체에 상해를 입힘으로써 구속되거나 공소제기(약식기소 제외) 된 경우, 약식기소 되었으나 법원에 의해 보통의 심판절차인 공판절차에 의해 재판이 진행되게 된 경우, 약식명령에 대하여 정식재판을 청구한 경우, 타인을 사망하게 하거나 중대법규위반 교통사고로 타인의 신체에 상해를 입혀 경찰조사후 불송치되거나 약식기소 또는 불기소된 경우, 중대법규위반 교통사고에 해당하지 않는 교통사고로 타인의 신체에 부상등급 1~3급에 해당하는 부상을 입혀 경찰조사 후 불송치되거나 약식기소 또는 불기소 된 경우",,,,,,,,,,,장기보장성 비교 공시 (2).xls,,,,자동차사고변호사선임비용손해Ⅲ(경찰조사포함)(비탑승중포함)(운전자),"자동차 운전중 또는 운전 후 비탑승 상태에서 교통사고로 타인의 신체에 상해를 입힘으로써 구속되거나 공소제기(약식기소 제외) 된 경우, 약식기소 되었으나 법원에 의해 보통의 심판절차인 공판절차에 의해 재판이 진행되게 된 경우, 약식명령에 대하여 정식재판을 청구한 경우, 타인을 사망하게 하거나 중대법규위반 교통사고로 타인의 신체에 상해를 입혀 경찰조사후 불송치되거나 약식기소 또는 불기소된 경우, 중대법규위반 교통사고에 해당하지 않는 교통사고로 타인의 신체에 부상등급 1~3급에 해당하는 부상을 입혀 경찰조사 후 불송치되거나 약식기소 또는 불기소 된 경우",,,,,
,,,이륜자동차 운전중 교통상해80%이상후유장해(1회한),피보험자가 보험기간 중 발생한 이륜자동차 운전중 교통상해의 직접결과로써 장해분류표에서 정한 장해지급률이 80%이상에 해당하는 장해상태가 되었을 경우,보험가입금액(1억원),,,,,,,,,,장기보장성 비교 공시 (2).xls,,,,이륜자동차 운전중 교통상해80%이상후유장해(1회한),피보험자가 보험기간 중 발생한 이륜자동차 운전중 교통상해의 직접결과로써 장해분류표에서 정한 장해지급률이 80%이상에 해당하는 장해상태가 되었을 경우,보험가입금액(1억원),,,,
,,,이륜자동차 운전중 교통상해사망,피보험자가 보험기간 중에 이륜자동차 운전중 사고로 교통상해를 입어 그 직접결과로써 사망한 경우,,,,,,,,,,,장기보장성 비교 공시 (2).xls,,,,이륜자동차 운전중 교통상해사망,피보험자가 보험기간 중에 이륜자동차 운전중 사고로 교통상해를 입어 그 직접결과로써 사망한 경우,,,,,
,,,이륜자동차 운전중 교통상해80%이상후유장해(1회한),피보험자가 보험기간 중 발생한 이륜자동차 운전중 교통상해의 직접결과로써 장해분류표에서 정한 장해지급률이 80%이상에 해당하는 장해상태가 되었을 경우,보험가입금액(1억원),,,,,,,,,,장기보장성 비교 공시 (2).xls,,,,이륜자동차 운전중 교통상해80%이상후유장해(1회한),피보험자가 보험기간 중 발생한 이륜자동차 운전중 교통상해의 직접결과로써 장해분류표에서 정한 장해지급률이 80%이상에 해당하는 장해상태가 되었을 경우,보험가입금액(1억원),,,,
,,,이륜자동차 운전중 교통상해사망,피보험자가 보험기간 중에 이륜자동차 운전중 사고로 교통상해를 입어 그 직접결과로써 사망한 경우,,,,,,,,,,,장기보장성 비교 공시 (2).xls,,,,이륜자동차 운전중 교통상해사망,피보험자가 보험기간 중에 이륜자동차 운전중 사고로 교통상해를 입어 그 직접결과로써 사망한 경우,,,,,
,,,자동차부상치료비(1~7급)Ⅱ,피보험자가 보험기간 중 교통사고로 신체에 상해를 입고 그 직접결과로써 자동차손해배상보장법시행령에서 정한 자동차사고 부상등급표의 부상등급 1~7급을 받은 경우,"보험가입금액(2,800만원)",,,,,,,,,,장기보장성 비교 공시 (2).xls,,,,자동차부상치료비(1~7급)Ⅱ,피보험자가 보험기간 중 교통사고로 신체에 상해를 입고 그 직접결과로써 자동차손해배상보장법시행령에서 정한 자동차사고 부상등급표의 부상등급 1~7급을 받은 경우,"보험가입금액(2,800만원)",,,,
,,,자동차부상치료비(1~7급)Ⅱ,피보험자가 보험기간 중 교통사고로 신체에 상해를 입고 그 직접결과로써 자동차손해배상보장법시행령에서 정한 자동차사고 부상등급표의 부상등급 1~7급을 받은 경우,"보험가입금액(2,800만원)",,,,,,,,,,장기보장성 비교 공시 (2).xls,,,,자동차부상치료비(1~7급)Ⅱ,피보험자가 보험기간 중 교통사고로 신체에 상해를 입고 그 직접결과로써 자동차손해배상보장법시행령에서 정한 자동차사고 부상등급표의 부상등급 1~7급을 받은 경우,"보험가입금액(2,800만원)",,,,
,,,자동차부상치료비(1~7급)Ⅱ,피보험자가 보험기간 중 교통사고로 신체에 상해를 입고 그 직접결과로써 자동차손해배상보장법시행령에서 정한 자동차사고 부상등급표의 부상등급 1~7급을 받은 경우,"보험가입금액(2,800만원)",,,,,,,,,,장기보장성 비교 공시 (2).xls,,,,자동차부상치료비(1~7급)Ⅱ,피보험자가 보험기간 중 교통사고로 신체에 상해를 입고 그 직접결과로써 자동차손해배상보장법시행령에서 정한 자동차사고 부상등급표의 부상등급 1~7급을 받은 경우,"보험가입금액(2,800만원)",,,,
,,,자동차사고벌금(대물),자동차 운전중 교통사고로 도로교통법 제151조(벌칙)에 따른 벌금형이 확정되어 벌금을 부담한 경우 1사고당 보험가입금액 한도로 실제 벌금액을 실손 비례보상,5백만원 한도,,,,,,,,,,장기보장성 비교 공시 (2).xls,,,,자동차사고벌금(대물),자동차 운전중 교통사고로 도로교통법 제151조(벌칙)에 따른 벌금형이 확정되어 벌금을 부담한 경우 1사고당 보험가입금액 한도로 실제 벌금액을 실손 비례보상,5백만원 한도,,,,
,,,"자동차사고벌금Ⅱ(대인,3천만원한도)(비탑승중포함)",자동차 운전중 또는 자동차 운전 후 비탑승 상태에서 급격하고도 우연한 사고로 타인의 신체에 상해를 입힘으로써 신체상해와 관련하여 벌금을 받은 경우,어린이 보호구역내 교통사고 : 3천만원 한도상기 이외 : 2천만원 한도,,,,,,,,,,장기보장성 비교 공시 (2).xls,,,,"자동차사고벌금Ⅱ(대인,3천만원한도)(비탑승중포함)",자동차 운전중 또는 자동차 운전 후 비탑승 상태에서 급격하고도 우연한 사고로 타인의 신체에 상해를 입힘으로써 신체상해와 관련하여 벌금을 받은 경우,어린이 보호구역내 교통사고 : 3천만원 한도상기 이외 : 2천만원 한도,,,,
,,,자동차사고변호사선임비(심급별 500만원 한도),자동차 운전중 또는 자동차 운전 후 비탑승 상태에서 급격하고도 우연한 사고로 타인에게 상해를 입혀 변호사를 선임하게 된 경우,1천5백만원 한도(자기부담금 50%),,,,,,,,,,장기보장성 비교 공시 (2).xls,,,,자동차사고변호사선임비(심급별 500만원 한도),자동차 운전중 또는 자동차 운전 후 비탑승 상태에서 급격하고도 우연한 사고로 타인에게 상해를 입혀 변호사를 선임하게 된 경우,1천5백만원 한도(자기부담금 50%),,,,
,,,자동차사고부상치료비(1~7급),교통사고로 인해 신체에 상해를 입고 그 직접결과로서 자동차손해배상보장법 시행령(약관 참조)에서 정한 자동차사고부상등급표의 상해등급 중 1급~7급을 받은 경우,보험가입금액,,,,,,,,,,장기보장성 비교 공시 (2).xls,,,,자동차사고부상치료비(1~7급),교통사고로 인해 신체에 상해를 입고 그 직접결과로서 자동차손해배상보장법 시행령(약관 참조)에서 정한 자동차사고부상등급표의 상해등급 중 1급~7급을 받은 경우,보험가입금액,,,,
,,,자동차사고벌금(대물),"자동차 운전중 교통사고로 도로교통법 제151조(벌칙)에 따른 벌금형이 확정되어 벌금을 부담한 경우 1사고당 보험가입금액 한도로 실제 벌금액을 실손 비례보상※ 1사고당 벌금형의 확정 이유가 도로교통법 제151조(벌칙)와 타인의 신체상해와 관련한 벌금 두 가지 사유에 모두 해당하는 경우, 비례보상 대상 계약에 '신체상해와 관련하여 받은 벌금액을 보장하는 계약'도 포함됨",5백만원 한도,,,,,,,,,,장기보장성 비교 공시 (2).xls,,,,자동차사고벌금(대물),"자동차 운전중 교통사고로 도로교통법 제151조(벌칙)에 따른 벌금형이 확정되어 벌금을 부담한 경우 1사고당 보험가입금액 한도로 실제 벌금액을 실손 비례보상※ 1사고당 벌금형의 확정 이유가 도로교통법 제151조(벌칙)와 타인의 신체상해와 관련한 벌금 두 가지 사유에 모두 해당하는 경우, 비례보상 대상 계약에 '신체상해와 관련하여 받은 벌금액을 보장하는 계약'도 포함됨",5백만원 한도,,,,
,,,"자동차사고벌금Ⅱ(대인,3천만원한도)","자동차 운전 중 교통사고로 타인의 신체에 상해를 입힘으로써 확정판결로 벌금을 부담하는 경우※ 1사고당 벌금형의 확정 이유가 도로교통법 제151조(벌칙)와 타인의 신체상해와 관련한 벌금 두가지 사유에 모두 해당하는 경우, 비례보상 대상 계약에 '신체상해와 관련하여 받은 벌금액을 보장하는 계약'도 포함됨","어린이보호구역내 교통사고의 경우, 3천만원 한도상기 이외의 경우, 2천만원 한도",,,,,,,,,,장기보장성 비교 공시 (2).xls,,,,"자동차사고벌금Ⅱ(대인,3천만원한도)","자동차 운전 중 교통사고로 타인의 신체에 상해를 입힘으로써 확정판결로 벌금을 부담하는 경우※ 1사고당 벌금형의 확정 이유가 도로교통법 제151조(벌칙)와 타인의 신체상해와 관련한 벌금 두가지 사유에 모두 해당하는 경우, 비례보상 대상 계약에 '신체상해와 관련하여 받은 벌금액을 보장하는 계약'도 포함됨","어린이보호구역내 교통사고의 경우, 3천만원 한도상기 이외의 경우, 2천만원 한도",,,,
,,,자동차사고변호사선임비Ⅲ,"자동차 운전중 교통사고로 타인의 신체에 상해를 입힘으로써 구속되거나 공소제기(약식기소 제외)된 경우 또는 검사에 의해 약식기소 되었으나 ·형사소송법· 제450조에 의거, 법원에 의해 보통의 심판절차인 공판절차로 재판이 진행되는 경우 또는 같은 법 제453조에 의거 검사 또는 피보험자가 정식재판을 청구하는 경우 또는 경찰 조사 후 불송치되거나 검찰에 의해 약식기소 또는 불기소된 경우(단, 타인을 사망하게 한 경우 또는 “중대법규위반교통사고”로 타인의 신체에 상해를 입힌 경우에 한함)",보험가입금액 한도,,,,,,,,,,장기보장성 비교 공시 (2).xls,,,,자동차사고변호사선임비Ⅲ,"자동차 운전중 교통사고로 타인의 신체에 상해를 입힘으로써 구속되거나 공소제기(약식기소 제외)된 경우 또는 검사에 의해 약식기소 되었으나 ·형사소송법· 제450조에 의거, 법원에 의해 보통의 심판절차인 공판절차로 재판이 진행되는 경우 또는 같은 법 제453조에 의거 검사 또는 피보험자가 정식재판을 청구하는 경우 또는 경찰 조사 후 불송치되거나 검찰에 의해 약식기소 또는 불기소된 경우(단, 타인을 사망하게 한 경우 또는 “중대법규위반교통사고”로 타인의 신체에 상해를 입힌 경우에 한함)",보험가입금액 한도,,,,
,,,중증 자동차사고부상치료비,"교통사고로 인해 신체에 상해를 입고 그 직접결과로서 자동차손해배상보장법 시행령(약관 참조)에서 정한 자동차사고부상등급표의 상해등급 중 1급, 2급 또는 3급을 받은 경우(상해등급별 차등지급)","상해등급 1급의 경우, 100만원상해등급 2~3급의 경우, 50만원(가입금액 100만원 기준)",,,,,,,,,,장기보장성 비교 공시 (2).xls,,,,중증 자동차사고부상치료비,"교통사고로 인해 신체에 상해를 입고 그 직접결과로서 자동차손해배상보장법 시행령(약관 참조)에서 정한 자동차사고부상등급표의 상해등급 중 1급, 2급 또는 3급을 받은 경우(상해등급별 차등지급)","상해등급 1급의 경우, 100만원상해등급 2~3급의 경우, 50만원(가입금액 100만원 기준)",,,,
,,,심급별 자동차사고 변호사선임비용(경찰조사포함)(비탑승중포함),보험기간 중 급격하고도 우연한 자동차사고로 타인을 사망에 이르게 하거나 타인의 신체에 상해를 입힘으로써 변호사선임비용을 부담하게 된 경우,보험가입금액 한도,,,,,,,,,,장기보장성 비교 공시 (2).xls,,,,심급별 자동차사고 변호사선임비용(경찰조사포함)(비탑승중포함),보험기간 중 급격하고도 우연한 자동차사고로 타인을 사망에 이르게 하거나 타인의 신체에 상해를 입힘으로써 변호사선임비용을 부담하게 된 경우,보험가입금액 한도,,,,
,,,자동차사고벌금(대물),보험기간 중 자동차를 운전하던 중에 급격하고도 우연한 자동차사고로 「도로교통법」제151조에 따른 벌금형이 확정된 경우,,,,,,,,,,,장기보장성 비교 공시 (2).xls,,,,자동차사고벌금(대물),보험기간 중 자동차를 운전하던 중에 급격하고도 우연한 자동차사고로 「도로교통법」제151조에 따른 벌금형이 확정된 경우,,,,,
,,,자동차사고벌금(대인)Ⅱ(비탑승중포함),보험기간 중 급격하고도 우연한 자동차사고로 타인의 신체에 상해를 입혀 신체상해와 관련하여 벌금형을 확정받은 경우,,,,,,,,,,,장기보장성 비교 공시 (2).xls,,,,자동차사고벌금(대인)Ⅱ(비탑승중포함),보험기간 중 급격하고도 우연한 자동차사고로 타인의 신체에 상해를 입혀 신체상해와 관련하여 벌금형을 확정받은 경우,,,,,
,,,심급별 자동차사고 변호사선임비용(경찰조사포함)(비탑승중포함),보험기간 중 급격하고도 우연한 자동차사고로 타인을 사망에 이르게 하거나 타인의 신체에 상해를 입힘으로써 변호사선임비용을 부담하게 된 경우,보험가입금액 한도,,,,,,,,,,장기보장성 비교 공시 (2).xls,,,,심급별 자동차사고 변호사선임비용(경찰조사포함)(비탑승중포함),보험기간 중 급격하고도 우연한 자동차사고로 타인을 사망에 이르게 하거나 타인의 신체에 상해를 입힘으로써 변호사선임비용을 부담하게 된 경우,보험가입금액 한도,,,,
,,,자동차사고벌금(대물),보험기간 중 자동차를 운전하던 중에 급격하고도 우연한 자동차사고로 「도로교통법」제151조에 따른 벌금형이 확정된 경우,,,,,,,,,,,장기보장성 비교 공시 (2).xls,,,,자동차사고벌금(대물),보험기간 중 자동차를 운전하던 중에 급격하고도 우연한 자동차사고로 「도로교통법」제151조에 따른 벌금형이 확정된 경우,,,,,
,,,자동차사고벌금(대인)Ⅱ(비탑승중포함),보험기간 중 급격하고도 우연한 자동차사고로 타인의 신체에 상해를 입혀 신체상해와 관련하여 벌금형을 확정받은 경우,,,,,,,,,,,장기보장성 비교 공시 (2).xls,,,,자동차사고벌금(대인)Ⅱ(비탑승중포함),보험기간 중 급격하고도 우연한 자동차사고로 타인의 신체에 상해를 입혀 신체상해와 관련하여 벌금형을 확정받은 경우,,,,,
,,,자동차사고벌금II,자동차 운전중에 발생한 급격하고도 우연한 자동차사고로 타인의 신체에 상해를 입혀 확정판결로 벌금 부담 시,가입금액 한도,,,,,,,,,,장기보장성 비교 공시 (2).xls,,,,자동차사고벌금II,자동차 운전중에 발생한 급격하고도 우연한 자동차사고로 타인의 신체에 상해를 입혀 확정판결로 벌금 부담 시,가입금액 한도,,,,
,,,자동차사고벌금비용(대물),자동차 운전 중 교통사고로 도로교통법 제151조(벌칙)에 따른 벌금액을 확정받은 경우,,,,,,,,,,,장기보장성 비교 공시 (2).xls,,,,자동차사고벌금비용(대물),자동차 운전 중 교통사고로 도로교통법 제151조(벌칙)에 따른 벌금액을 확정받은 경우,,,,,
,,,자동차사고변호사선임비용Ⅰ(경찰조사포함),"자동차를 운전하는 중 발생한 교통사고로 타인의 신체에 상해를 입혀 아래의 보장항목에 해당하는 사유로 변호사선임비용을 부담한 경우1. 피보험자가 구속영장에 의하여 구속 된 경우2. 검찰에 의해 공소제기(약식기소 제외)된 경우3. 피보험자가 검사에 의해 약식기소 되었으나 법원에 의해 보통의 심판절차인 공판절차에 의해 재판이 진행하게 된 경우4. 검사 또는 피보험자가 법원의 약식명령에 불복하여 정식재판을 청구한 경우5. 피보험자가 경찰 조사 후 불송치된 경우(단, 타인을 사망하게 한 경우, 중대법규위반 교통사고로 타인의 신체에 상해를 입힌 경우 및 타인의 신체에 상해를 입힘으로써 피해자에게 자동차손해배상보장법 시행령 제3조에서 정한 부상등급 1급, 2급, 3급에 해당하는 부상을 입힌 경우(중대법규위반 교통사고에 해당하지 않는 경우에 한함)에 한함)6. 검찰에 의해 약식기소 또는 불기소된 경우(단, 타인을 사망하게 한 경우, 중대법규위반 교통사고로 타인의 신체에 상해를 입힌 경우 및 타인의 신체에 상해를 입힘으로써 피해자에게 자동차손해배상보장법 시행령 제3조에서 정한 부상등급 1급, 2급, 3급에 해당하는 부상을 입힌 경우(중대법규위반 교통사고에 해당하지 않는 경우에 한함)에 한함)",5백만원 한도,,,,,,,,,,장기보장성 비교 공시 (2).xls,,,,자동차사고변호사선임비용Ⅰ(경찰조사포함),"자동차를 운전하는 중 발생한 교통사고로 타인의 신체에 상해를 입혀 아래의 보장항목에 해당하는 사유로 변호사선임비용을 부담한 경우1. 피보험자가 구속영장에 의하여 구속 된 경우2. 검찰에 의해 공소제기(약식기소 제외)된 경우3. 피보험자가 검사에 의해 약식기소 되었으나 법원에 의해 보통의 심판절차인 공판절차에 의해 재판이 진행하게 된 경우4. 검사 또는 피보험자가 법원의 약식명령에 불복하여 정식재판을 청구한 경우5. 피보험자가 경찰 조사 후 불송치된 경우(단, 타인을 사망하게 한 경우, 중대법규위반 교통사고로 타인의 신체에 상해를 입힌 경우 및 타인의 신체에 상해를 입힘으로써 피해자에게 자동차손해배상보장법 시행령 제3조에서 정한 부상등급 1급, 2급, 3급에 해당하는 부상을 입힌 경우(중대법규위반 교통사고에 해당하지 않는 경우에 한함)에 한함)6. 검찰에 의해 약식기소 또는 불기소된 경우(단, 타인을 사망하게 한 경우, 중대법규위반 교통사고로 타인의 신체에 상해를 입힌 경우 및 타인의 신체에 상해를 입힘으로써 피해자에게 자동차손해배상보장법 시행령 제3조에서 정한 부상등급 1급, 2급, 3급에 해당하는 부상을 입힌 경우(중대법규위반 교통사고에 해당하지 않는 경우에 한함)에 한함)",5백만원 한도,,,,
,,,자동차사고벌금II,자동차 운전중에 발생한 급격하고도 우연한 자동차사고로 타인의 신체에 상해를 입혀 확정판결로 벌금 부담 시,가입금액 한도,,,,,,,,,,장기보장성 비교 공시 (2).xls,,,,자동차사고벌금II,자동차 운전중에 발생한 급격하고도 우연한 자동차사고로 타인의 신체에 상해를 입혀 확정판결로 벌금 부담 시,가입금액 한도,,,,
,,,자동차사고벌금비용(대물),자동차 운전 중 교통사고로 도로교통법 제151조(벌칙)에 따른 벌금액을 확정받은 경우,,,,,,,,,,,장기보장성 비교 공시 (2).xls,,,,자동차사고벌금비용(대물),자동차 운전 중 교통사고로 도로교통법 제151조(벌칙)에 따른 벌금액을 확정받은 경우,,,,,
,,,자동차사고변호사선임비용Ⅰ(경찰조사포함),"자동차를 운전하는 중 발생한 교통사고로 타인의 신체에 상해를 입혀 아래의 보장항목에 해당하는 사유로 변호사선임비용을 부담한 경우1. 피보험자가 구속영장에 의하여 구속 된 경우2. 검찰에 의해 공소제기(약식기소 제외)된 경우3. 피보험자가 검사에 의해 약식기소 되었으나 법원에 의해 보통의 심판절차인 공판절차에 의해 재판이 진행하게 된 경우4. 검사 또는 피보험자가 법원의 약식명령에 불복하여 정식재판을 청구한 경우5. 피보험자가 경찰 조사 후 불송치된 경우(단, 타인을 사망하게 한 경우, 중대법규위반 교통사고로 타인의 신체에 상해를 입힌 경우 및 타인의 신체에 상해를 입힘으로써 피해자에게 자동차손해배상보장법 시행령 제3조에서 정한 부상등급 1급, 2급, 3급에 해당하는 부상을 입힌 경우(중대법규위반 교통사고에 해당하지 않는 경우에 한함)에 한함)6. 검찰에 의해 약식기소 또는 불기소된 경우(단, 타인을 사망하게 한 경우, 중대법규위반 교통사고로 타인의 신체에 상해를 입힌 경우 및 타인의 신체에 상해를 입힘으로써 피해자에게 자동차손해배상보장법 시행령 제3조에서 정한 부상등급 1급, 2급, 3급에 해당하는 부상을 입힌 경우(중대법규위반 교통사고에 해당하지 않는 경우에 한함)에 한함)",5백만원 한도,,,,,,,,,,장기보장성 비교 공시 (2).xls,,,,자동차사고변호사선임비용Ⅰ(경찰조사포함),"자동차를 운전하는 중 발생한 교통사고로 타인의 신체에 상해를 입혀 아래의 보장항목에 해당하는 사유로 변호사선임비용을 부담한 경우1. 피보험자가 구속영장에 의하여 구속 된 경우2. 검찰에 의해 공소제기(약식기소 제외)된 경우3. 피보험자가 검사에 의해 약식기소 되었으나 법원에 의해 보통의 심판절차인 공판절차에 의해 재판이 진행하게 된 경우4. 검사 또는 피보험자가 법원의 약식명령에 불복하여 정식재판을 청구한 경우5. 피보험자가 경찰 조사 후 불송치된 경우(단, 타인을 사망하게 한 경우, 중대법규위반 교통사고로 타인의 신체에 상해를 입힌 경우 및 타인의 신체에 상해를 입힘으로써 피해자에게 자동차손해배상보장법 시행령 제3조에서 정한 부상등급 1급, 2급, 3급에 해당하는 부상을 입힌 경우(중대법규위반 교통사고에 해당하지 않는 경우에 한함)에 한함)6. 검찰에 의해 약식기소 또는 불기소된 경우(단, 타인을 사망하게 한 경우, 중대법규위반 교통사고로 타인의 신체에 상해를 입힌 경우 및 타인의 신체에 상해를 입힘으로써 피해자에게 자동차손해배상보장법 시행령 제3조에서 정한 부상등급 1급, 2급, 3급에 해당하는 부상을 입힌 경우(중대법규위반 교통사고에 해당하지 않는 경우에 한함)에 한함)",5백만원 한도,,,,
,,,자동차사고부상치료비(1~7급단일),교통사고로 발생한 상해로 자동차손해배상보장법 시행령 제3조 자동차사고부상등급표의 부상등급(1~7급)을 받은 경우,가입금액,,,,,,,,,,장기보장성 비교 공시 (2).xls,,,,자동차사고부상치료비(1~7급단일),교통사고로 발생한 상해로 자동차손해배상보장법 시행령 제3조 자동차사고부상등급표의 부상등급(1~7급)을 받은 경우,가입금액,,,,
,,,심급별 자동차사고 변호사선임비용Ⅷ(경찰조사포함)(비탑승중Ⅱ 포함)(자기부담금50%),자동차 운전중 교통사고로 타인을 사망에 이르게 하거나 「자동차사고 부상 등급표」에서 정한 상해등급에 해당하는 상해를 입혀 아래의 ① 내지 ⑦로 인해 발생한 변호사선임비용 중 실제로 부담한 금액을 1사고마다 진행된,"- 타인을 사망하게 하여 ④ 내지 ⑤에 해당하는 경우 : · 1심(경찰조사포함) 500만원한도- 타인을 사망하게 하거나 타인의 신체에 상해를 입혀 ① 내지 ③에 해당하는 경우 : 1심(경찰조사포함) 500만원 한도 · 항소심(2심) 500만원 한도 · 상고심(3심) 500만원 한도- 타인의 신체에 상해를 입혀 ④ 내지 ⑤에 해당하는 경우 : · 1심(경찰조사포함) 1~7급 : 500만원 한도 · 8~11급 : 400만원 한도, · 12~14급 : 200만원 한도- 타인의 신체에 상해를 입혀 ⑥ 내지 ⑦에 해당하는 경우 : 1심(경찰조사포함) 500만원 한도",,,,,,,,,,장기보장성 비교 공시 (7).xls,,,,심급별 자동차사고 변호사선임비용Ⅷ(경찰조사포함)(비탑승중Ⅱ 포함)(자기부담금50%),자동차 운전중 교통사고로 타인을 사망에 이르게 하거나 「자동차사고 부상 등급표」에서 정한 상해등급에 해당하는 상해를 입혀 아래의 ① 내지 ⑦로 인해 발생한 변호사선임비용 중 실제로 부담한 금액을 1사고마다 진행된,"- 타인을 사망하게 하여 ④ 내지 ⑤에 해당하는 경우 : · 1심(경찰조사포함) 500만원한도- 타인을 사망하게 하거나 타인의 신체에 상해를 입혀 ① 내지 ③에 해당하는 경우 : 1심(경찰조사포함) 500만원 한도 · 항소심(2심) 500만원 한도 · 상고심(3심) 500만원 한도- 타인의 신체에 상해를 입혀 ④ 내지 ⑤에 해당하는 경우 : · 1심(경찰조사포함) 1~7급 : 500만원 한도 · 8~11급 : 400만원 한도, · 12~14급 : 200만원 한도- 타인의 신체에 상해를 입혀 ⑥ 내지 ⑦에 해당하는 경우 : 1심(경찰조사포함) 500만원 한도",,,,
,,,[갱신형]자동차사고부상치료지원금(1~11급)Ⅱ,보험기간 중에 자동차사고로 인한 상해의 직접결과로써 약관 상의[자동차사고 부상 등급표]에서 정한 1급에서 11급에 해당하는 상해등급을 받은 경우 (상해등급별 차등 지급),약관상의 자동차사고 부상 등급표에 따라 지급: 상해등급별 보험가입금액의 1%~100%,,,,,,,,,,장기보장성 비교 공시 (7).xls,,,,[갱신형]자동차사고부상치료지원금(1~11급)Ⅱ,보험기간 중에 자동차사고로 인한 상해의 직접결과로써 약관 상의[자동차사고 부상 등급표]에서 정한 1급에서 11급에 해당하는 상해등급을 받은 경우 (상해등급별 차등 지급),약관상의 자동차사고 부상 등급표에 따라 지급: 상해등급별 보험가입금액의 1%~100%,,,,
,,,[갱신형]자동차사고부상치료지원금(1~11급)Ⅱ,보험기간 중에 자동차사고로 인한 상해의 직접결과로써 약관 상의[자동차사고 부상 등급표]에서 정한 1급에서 11급에 해당하는 상해등급을 받은 경우 (상해등급별 차등 지급),약관상의 자동차사고 부상 등급표에 따라 지급: 상해등급별 보험가입금액의 1%~100%,,,,,,,,,,장기보장성 비교 공시 (7).xls,,,,[갱신형]자동차사고부상치료지원금(1~11급)Ⅱ,보험기간 중에 자동차사고로 인한 상해의 직접결과로써 약관 상의[자동차사고 부상 등급표]에서 정한 1급에서 11급에 해당하는 상해등급을 받은 경우 (상해등급별 차등 지급),약관상의 자동차사고 부상 등급표에 따라 지급: 상해등급별 보험가입금액의 1%~100%,,,,
,,,자동차사고부상치료비(1~7급),교통사고로 발생한 상해로 자동차손해배상보장법 시행령 제3조 자동차사고부상등급표의 부상등급(1~7급)을 받은 경우,부상등급별차등지급,,,,,,,,,,장기보장성 비교 공시 (7).xls,,,,자동차사고부상치료비(1~7급),교통사고로 발생한 상해로 자동차손해배상보장법 시행령 제3조 자동차사고부상등급표의 부상등급(1~7급)을 받은 경우,부상등급별차등지급,,,,
