Col_0,Col_1,Col_2,Col_3,Col_4,Col_5,Col_6,Col_7,Col_8,Col_9,Col_10,Col_11,Col_12,Col_13,Col_14,Col_15,Col_16,Col_17,Col_18,Col_19,Col_20,Col_21,Col_22,Col_23,Col_24,Col_25,source_file,Col_26,Col_27,Col_28,Col_29
ABL생명,(무)우리WON건강N더보장종합보험(일반심사형),주계약,사망보험금 + 사망보험금 + 사망보험금,보험기간 중 피보험자가 사망하였을 때,보험가입금액,100만원,"7,440 원","6,540 원",2.50 %,-,-,95.8 %,93.7 %,-,-,-,-,기본형,일반,-,-,-,-,,비유니버셜,file_10.xls,,,,
ABL생명,(무)우리WON건강N더보장종합보험(해약환급금 미지급형)(일반심사형),주계약,사망보험금 + 사망보험금 + 사망보험금,보험기간 중 피보험자가 사망하였을 때,보험가입금액,100만원,"6,420 원","5,550 원",2.50 %,-,-,118.6 %,117.3 %,-,-,-,-,기본형,무해지/저해지환급,-,-,-,-,,비유니버셜,file_10.xls,,,,
ABL생명,(무)우리WON톡톡튀는여성건강보험(해약환급금 미지급형)(일반심사형),주계약,사망보험금 + 사망보험금 + 사망보험금,보험기간 중 피보험자가 사망하였을 때,보험가입금액,100만원,0 원,"5,550 원",2.50 %,-,-,-,117.3 %,-,-,-,-,기본형,무해지/저해지환급,-,-,-,-,,비유니버셜,file_10.xls,,,,
ABL생명,(무)우리WON톡톡튀는여성건강보험(일반심사형),주계약,사망보험금 + 사망보험금 + 사망보험금,보험기간 중 피보험자가 사망하였을 때,보험가입금액,100만원,0 원,"6,540 원",2.50 %,-,-,-,93.7 %,-,-,-,-,기본형,일반,-,-,-,-,,비유니버셜,file_10.xls,,,,
ABL생명,(무)우리WON건강환급보험,주계약,사망보험금 + 사망보험금 + 사망보험금,보험기간 중 피보험자가 사망하였을 때,보험가입금액,200만원 원,"14,880 원","13,080 원",2.50 %,-,-,103.7 %,101.7 %,-,-,-,-,기본형,일반,-,-,-,-,비갱신형,비유니버셜,file_10.xls,,,,
삼성생명,"삼성 더블보장보험(2601)(무배당,보증비용부과형)(저해약환급급형) 1종 1형",주계약,사망보험금 + 사망보험금 + 사망보험금,지급사유별 상이(상품요약서 참고),지급사유별 상이(상품요약서 참고),1억원,"1,677,000 원","1,449,000 원",-,2.05 %,"가입후 10년 이내 1.0%, 10년 초과 0.5%",178.2 %,185.9 %,-,-,-,-,기본형,무해지/저해지환급,보증,매년 주보험 계약자적립액의 0.1%(매월 0.00833333%),보증,주보험 납입보험료의 0.2% + 매년 주보험 계약자적립액의 0.15%(매월 0.0125%),,비유니버셜,file_10.xls,,,,
삼성생명,"삼성 New플러스원 건강보험(2601)(무배당,저해약환급금형)_1종(건강고지형)",주계약,사망보험금 + 사망보험금 + 사망보험금,피보험자가 보험기간 중 사망하였을 경우,100만원,100만원 원,"6,840 원","6,150 원",2.15 %,-,-,110.1 %,111.0 %,-,-,-,-,기본형,무해지/저해지환급,-,-,-,-,비갱신형,비유니버셜,file_10.xls,,,,
삼성생명,"삼성 New플러스원 건강보험(2601)(무배당,저해약환급금형)_2종(일반고지형)",주계약,사망보험금 + 사망보험금 + 사망보험금,피보험자가 보험기간 중 사망하였을 경우,100만원,100만원 원,"7,350 원","6,660 원",2.15 %,-,-,111.2 %,111.2 %,-,-,-,-,기본형,무해지/저해지환급,-,-,-,-,비갱신형,비유니버셜,file_10.xls,,,,
교보생명,교보3밸런스보장보험 PLUS (무배당),주계약,사망보험금 + 사망보험금 + 사망보험금,피보험자가 보험기간 중 사망하였을 경우,기본보험금액의 100% + 추가계약자적립액,"10,000만원","1,362,000 원","1,314,000 원",2.50 %,-,-,213.1 %,231.5 %,-,-,-,-,기본형,무해지/저해지환급,-,-,-,-,,비유니버셜,file_10.xls,,,,
교보생명,교보3밸런스보장보험 PLUS [D](무배당),주계약,사망보험금 + 사망보험금 + 사망보험금,피보험자가 보험기간 중 사망하였을 경우,기본보험금액의 100% + 추가계약자적립액,"10,000만원","1,362,000 원","1,314,000 원",2.50 %,-,-,213.1 %,231.5 %,-,-,-,-,기본형,무해지/저해지환급,-,-,-,-,,비유니버셜,file_10.xls,,,,
교보생명,"교보행복한준비보험II [D](무배당,보험금보증비용부과형)",주계약,사망보험금 + 사망보험금 + 사망보험금,피보험자가 보험기간 중 사망하였을 경우,기본보험금액의 100% + 가산계약자적립액 + 추가계약자적립액,"1,000만원","64,500 원","57,600 원",-,2.10 %,0.75,119.6 %,122.7 %,-,-,-,-,기본형,무해지/저해지환급,보증,"20년 이내 매년 기본계약자적립액의 4% + 매년 보험가입금액의 0.2%, 20년 초과 매년 보험가입금액의 0.05%",-,-,,비유니버셜,file_10.xls,,,,
교보생명,"교보행복한준비보험II (무배당,보험금보증비용부과형)",주계약,사망보험금 + 사망보험금 + 사망보험금,피보험자가 보험기간 중 사망하였을 경우,기본보험금액의 100% + 가산계약자적립액 + 추가계약자적립액,"1,000만원","64,500 원","57,600 원",-,2.10 %,0.75,119.6 %,122.7 %,-,-,-,-,기본형,무해지/저해지환급,보증,"20년 이내 매년 기본계약자적립액의 4% + 매년 보험가입금액의 0.2%, 20년 초과 매년 보험가입금액의 0.05%",-,-,,비유니버셜,file_10.xls,,,,
삼성생명,"삼성 The퍼스트 건강보험(2601)(무배당,무해약환급금형)_2종(일반고지형)",주계약,사망보험금 + 사망보험금 + 사망보험금,피보험자가 보험기간 중 사망하였을 경우,"보험가입금액 100% ※ 보험기간 중 피보험자에게 사망보험금 지급사유가 발생한 경우에는 해당 보험금과 ""이미 납입한 보험료"" 중 큰 금액을 지급합니다.",1000만원,"51,300 원","44,100 원",2.75 %,-,-,85.6 %,83.7 %,-,-,-,-,기본형,순수보장,-,-,-,-,비갱신형,비유니버셜,file_11.xls,,,,
삼성생명,"삼성 The퍼스트 건강보험(2601)(무배당,무해약환급금형)_1종(건강고지형)",주계약,사망보험금 + 사망보험금 + 사망보험금,피보험자가 보험기간 중 사망하였을 경우,"보험가입금액 100% ※ 보험기간 중 피보험자에게 사망보험금 지급사유가 발생한 경우에는 해당 보험금과 ""이미 납입한 보험료"" 중 큰 금액을 지급합니다.",1000만원,"46,500 원","39,900 원",2.75 %,-,-,83.8 %,82.8 %,-,-,-,-,기본형,순수보장,-,-,-,-,비갱신형,비유니버셜,file_11.xls,,,,
삼성생명,"삼성 인터넷 입원 건강보험(2601)(무배당,무해약환급금형)",주계약,사망보험금 + 사망보험금 + 사망보험금,피보험자가 보험기간 중 사망하였을 경우,"500만원(※ 보험기간 중 피보험자에게 사망보험금 지급사유가 발생한 경우에는 해당 보험금과 ""이미 납입한보험료"" 중 큰 금액을 지급합니다.)",500만원,"23,400 원","20,100 원",2.75 %,-,-,80.5 %,78.3 %,-,-,-,-,기본형,무해지/저해지환급,-,-,-,-,비갱신형,비유니버셜,file_11.xls,,,,
삼성생명,"삼성시그널건강보험(2601)(무배당,무해약환급금형)",주계약,사망보험금 + 사망보험금 + 사망보험금,피보험자가 보험기간 중 사망하였을 경우,100만원,100만원 원,"5,400 원","4,443 원",2.50 %,-,-,102.7 %,98.9 %,-,-,-,-,기본형,무해지/저해지환급,-,-,-,-,비갱신형,비유니버셜,file_11.xls,,,,
흥국생명,(무)흥국생명다재다능1540보험(해약환급금미지급형V2),주계약,사망보험금 + 사망보험금 + 사망보험금,피보험자가 보험기간 중 보장개시일 이후 재해를 원인으로 사망하였을 때,5년 미만 1000% / 5년 이후 100%,"10,000만원","298,500 원","212,100 원",2.75 %,-,-,116.5 %,131.7 %,-,-,-,-,기본형,무해지/저해지환급,-,-,-,-,비갱신형,비유니버셜,file_11.xls,,,,
흥국생명,(무)흥국생명실속있는건강보험(해약환급금미지급형V2),주계약,사망보험금 + 사망보험금 + 사망보험금,재해를 원인으로 사망시,보험가입금액 100%,"10,000만원","285,000 원","243,000 원",2.75 %,-,-,101.7 %,101.2 %,-,-,-,-,기본형,순수보장,-,-,-,-,비갱신형,비유니버셜,file_11.xls,,,,
흥국생명,(무)흥국생명 다(多)사랑통합보험V2(해약환급금 미지급형V2),주계약,사망보험금 + 사망보험금 + 사망보험금,피보험자가 보험기간 중 보장개시일 이후 재해를 원인으로 사망하였을 때,"5년 미만 보험가입금액의 1000%, 5년 이후 보험가입금액의 100%","10,000만원","333,000 원","270,000 원",2.75 %,-,-,101.7 %,101.2 %,-,-,-,-,기본형,무해지/저해지환급,-,-,-,-,비갱신형,비유니버셜,file_11.xls,,,,
흥국생명,(무)흥국생명 다(多)사랑통합보험V2(갱신형),주계약,사망보험금 + 사망보험금 + 사망보험금,피보험자가 보험기간 중 보장개시일 이후 사망하였을 때,재해를 원인으로 사망시 100%,"10,000만원","39,000 원","24,000 원",2.75 %,-,-,120.2 %,165.3 %,-,-,-,-,기본형,순수보장,-,-,-,-,갱신형,비유니버셜,file_11.xls,,,,
흥국생명,(무)흥국생명 다(多)사랑통합보험V2,주계약,사망보험금 + 사망보험금 + 사망보험금,피보험자가 보험기간 중 보장개시일 이후 재해를 원인으로 사망하였을 때,5년 미만 1000% / 5년 이후 100%,"10,000만원","423,000 원","354,000 원",2.75 %,-,-,102.8 %,102.6 %,-,-,-,-,기본형,순수보장,-,-,-,-,비갱신형,비유니버셜,file_11.xls,,,,
흥국생명,(무)흥국생명 오튼튼5.10.5건강보험(해약환급금미지급형V2),주계약,사망보험금 + 사망보험금 + 사망보험금,피보험자가 보험기간중 보장개시일 이후 재해로 인하여 사망하였을 때,"5년미만의 경우 가입금액의 1,000% 지급, 5년 이후의 경우 가입금액의 100% 지급","10,000만원 원","336,000 원","279,000 원",3.00 %,-,-,105.2 %,105.0 %,-,-,-,-,기본형,순수보장,-,-,-,-,비갱신형,비유니버셜,file_11.xls,,,,
교보생명,교보뇌·심장보험[D](무배당)_무해약환급금형,주계약,사망보험금 + 사망보험금 + 사망보험금,보험기간 중 피보험자가 사망하였을 경우,"3,000만원","3,000만원","122,130 원","90,630 원",2.50 %,-,-,139.2 %,160.5 %,-,-,-,-,기본형,무해지/저해지환급,-,-,-,-,비갱신형,비유니버셜,file_11.xls,,,,
교보생명,교보뇌·심장보험(무배당)_무해약환급금형,주계약,사망보험금 + 사망보험금 + 사망보험금,보험기간 중 피보험자가 사망하였을 경우,"3,000만원","3,000만원","122,130 원","90,630 원",2.50 %,-,-,139.2 %,160.5 %,-,-,-,-,기본형,무해지/저해지환급,-,-,-,-,비갱신형,비유니버셜,file_11.xls,,,,
교보생명,교보뇌·심장보험[D](무배당)_만기환급형,주계약,사망보험금 + 사망보험금 + 사망보험금,보험기간 중 피보험자가 사망하였을 경우,"3,000만원","3,000만원","161,460 원","105,840 원",2.50 %,-,-,118.5 %,124.0 %,-,-,-,-,기본형,만기환급,-,-,-,-,비갱신형,비유니버셜,file_11.xls,,,,
교보생명,교보뇌·심장보험(무배당)_만기환급형,주계약,사망보험금 + 사망보험금 + 사망보험금,보험기간 중 피보험자가 사망하였을 경우,"3,000만원","3,000만원","161,460 원","105,840 원",2.50 %,-,-,118.5 %,124.0 %,-,-,-,-,기본형,만기환급,-,-,-,-,비갱신형,비유니버셜,file_11.xls,,,,
KDB생명,KDB라이프핏건강보험(해약환급금미지급형Ⅲ)(무),주계약,사망보험금 + 사망보험금 + 사망보험금,보험기간 중 피보험자가 사망하였을 때,100만원,100만원,"5,010 원","3,960 원",2.50 %,-,-,151.1 %,204.1 %,-,-,-,-,기본형,순수보장,-,-,-,-,비갱신형,비유니버셜,file_11.xls,,,,
KDB생명,KDB라이프핏건강보험(표준형)(무),주계약,사망보험금 + 사망보험금 + 사망보험금,보험기간 중 피보험자가 사망하였을 때,100만원,100만원,"6,840 원","5,370 원",2.50 %,-,-,157.4 %,214.9 %,-,-,-,-,기본형,순수보장,-,-,-,-,비갱신형,비유니버셜,file_11.xls,,,,
KB라이프생명,KB 3.N.5 딱좋은 요즘 건강보험 무배당(일반심사형)(표준형),주계약,사망보험금 + 사망보험금 + 사망보험금,"보험기간 중 사망 시(단, 이미 납입한 주계약 보험료가 사망보험금을 초과하는 경우, 이미 납입한 주계약 보험료를 사망보험금으로 지급함)",100만원,100만원 원,"5,670 원","4,530 원",2.75 %,-,-,111.4 %,134.9 %,-,-,-,-,기본형,순수보장,-,-,-,-,비갱신형,비유니버셜,file_11.xls,,,,
KB라이프생명,KB 3.N.5 딱좋은 요즘 건강보험 무배당(일반심사형)(해약환급금 미지급형),주계약,사망보험금 + 사망보험금 + 사망보험금,"보험기간 중 사망 시(단, 이미 납입한 주계약 보험료가 사망보험금을 초과하는 경우, 이미 납입한 주계약 보험료를 사망보험금으로 지급함)",100만원,100만원,"4,620 원","3,660 원",2.75 %,-,-,118.7 %,142.0 %,-,-,-,-,기본형,무해지/저해지환급,-,-,-,-,비갱신형,비유니버셜,file_11.xls,,,,
KB라이프생명,KB 3.N.5 딱좋은 요즘 건강보험 무배당(일반심사형)(표준형)(납입면제형),주계약,사망보험금 + 사망보험금 + 사망보험금,"보험기간 중 사망 시(단, 이미 납입한 주계약 보험료가 사망보험금을 초과하는 경우, 이미 납입한 주계약 보험료를 사망보험금으로 지급함)",100만원,100만원 원,"6,000 원","4,800 원",2.75 %,-,-,113.9 %,137.3 %,-,-,-,-,기본형,순수보장,-,-,-,-,비갱신형,비유니버셜,file_11.xls,,,,
KB라이프생명,KB 3.N.5 딱좋은 요즘 건강보험 무배당(일반심사형)(해약환급금 미지급형)(납입면제형),주계약,사망보험금 + 사망보험금 + 사망보험금,"보험기간 중 사망 시(단, 이미 납입한 주계약 보험료가 사망보험금을 초과하는 경우, 이미 납입한 주계약 보험료를 사망보험금으로 지급함)",100만원,100만원 원,"4,860 원","3,870 원",2.75 %,-,-,120.7 %,147.6 %,-,-,-,-,기본형,무해지/저해지환급,-,-,-,-,비갱신형,비유니버셜,file_11.xls,,,,
KB라이프생명,KB 3.N.5 딱좋은 요즘 건강보험 무배당(갱신형)(일반심사형)(해약환급금 미지급형),주계약,사망보험금 + 사망보험금 + 사망보험금,"보험기간 중 사망 시(단, 이미 납입한 주계약 보험료가 사망보험금을 초과하는 경우, 이미 납입한 주계약 보험료를 사망보험금으로 지급함)",보험가입금액,100만원 원,570 원,330 원,2.75 %,-,-,111.8 %,113.7 %,-,-,-,-,기본형,무해지/저해지환급,-,-,-,-,갱신형,비유니버셜,file_11.xls,,,,
KB라이프생명,KB 5.10.5 딱좋은 플러스 건강보험 무배당(건강고지형)(해약환급금 미지급형),주계약,사망보험금 + 사망보험금 + 사망보험금,"보험기간 중 사망 시(단, 이미 납입한 주계약 보험료가 사망보험금을 초과하는 경우, 이미 납입한 주계약 보험료를 사망보험금으로 지급함)",보험가입금액,100만원 원,"4,530 원","3,540 원",2.75 %,-,-,116.3 %,137.4 %,-,-,-,-,기본형,무해지/저해지환급,-,-,-,-,비갱신형,비유니버셜,file_11.xls,,,,
KB라이프생명,KB 5.10.5 딱좋은 플러스 건강보험 무배당(건강고지형)(해약환급금 미지급형)(납입면제형),주계약,사망보험금 + 사망보험금 + 사망보험금,"보험기간 중 사망 시(단, 이미 납입한 주계약 보험료가 사망보험금을 초과하는 경우, 이미 납입한 주계약 보험료를 사망보험금으로 지급함)",보험가입금액,100만원 원,"4,770 원","3,750 원",2.75 %,-,-,117.2 %,140.5 %,-,-,-,-,기본형,무해지/저해지환급,-,-,-,-,비갱신형,비유니버셜,file_11.xls,,,,
KB라이프생명,KB 5.10.5 딱좋은 플러스 건강보험 무배당(건강고지형),주계약,사망보험금 + 사망보험금 + 사망보험금,"보험기간 중 사망 시(단, 이미 납입한 주계약 보험료가 사망보험금을 초과하는 경우, 이미 납입한 주계약 보험료를 사망보험금으로 지급함)",보험가입금액,100만원 원,"5,550 원","4,380 원",2.75 %,-,-,109.1 %,130.4 %,-,-,-,-,기본형,순수보장,-,-,-,-,비갱신형,비유니버셜,file_11.xls,,,,
KB라이프생명,KB 5.10.5 딱좋은 플러스 건강보험 무배당(건강고지형)(납입면제형),주계약,사망보험금 + 사망보험금 + 사망보험금,"보험기간 중 사망 시(단, 이미 납입한 주계약 보험료가 사망보험금을 초과하는 경우, 이미 납입한 주계약 보험료를 사망보험금으로 지급함)",보험가입금액,100만원 원,"5,910 원","4,650 원",2.75 %,-,-,110.4 %,131.2 %,-,-,-,-,기본형,순수보장,-,-,-,-,비갱신형,비유니버셜,file_11.xls,,,,
KB라이프생명,KB 딱좋은 e-건강보험 무배당(갱신형)(일반심사형)(해약환급금 미지급형),주계약,사망보험금 + 사망보험금 + 사망보험금,"보험기간 중 사망 시(단, 이미 납입한 주계약 보험료가 사망보험금을 초과하는 경우, 이미 납입한 주계약 보험료를 사망보험금으로 지급함)",보험가입금액,100만원 원,570 원,330 원,2.75 %,-,-,111.8 %,113.7 %,-,-,-,-,기본형,무해지/저해지환급,-,-,-,-,갱신형,비유니버셜,file_11.xls,,,,
NH농협생명,"건강플러스NH통합보험(해약환급금 미지급형,무배당)_2601",주계약,사망보험금 + 사망보험금 + 사망보험금,피보험자가 보험기간 중 사망한 경우,"1,000만원","1,000만원 원","25,200 원","13,800 원",2.50 %,-,-,111.7 %,125.0 %,-,-,-,-,기본형,무해지/저해지환급,-,-,-,-,비갱신형,비유니버셜,file_11.xls,,,,
NH농협생명,"건강플러스NH통합보험(표준형,무배당)_2601",주계약,사망보험금 + 사망보험금 + 사망보험금,피보험자가 보험기간 중 사망한 경우,"1,000만원","1,000만원 원","28,200 원","15,600 원",2.50 %,-,-,108.0 %,125.6 %,-,-,-,-,기본형,순수보장,-,-,-,-,비갱신형,비유니버셜,file_11.xls,,,,
ABL생명,(무)우리WON전신마취수술보험(해약환급금 미지급형)(일반심사형),주계약,종합병원 전신마취수술급여금 + 종합병원 전신마취수술급여금 + 종합병원 전신마취수술급여금,"피보험자가 보험기간 중 발생한 질병 또는 재해의 치료를 직접적인 목적으로 보험기간 중 “종합병원”에서 “전신마취”를 하고 마취시간 3시간 이상의 “수술”을 받았을 때 (수술 1회당)('다만, 계약일부터 1년 미만의 기간 내에 재해 이외의 원인으로 지급사유가 발생한 경우에는 각 구간별 약정한 금액의 50%를 지급')","""보험가입금액 1,000만원 기준 마취시간 3시간 이상 4시간 미만 : 300만원, 4시간 이상 5시간 미만 : 400만원, 5시간 이상 6시간 미만 : 500만원, 6시간 이상 7시간 미만 : 600만원, 7시간 이상 8시간 미만 : 700만원, 8시간 이상 9시간 미만 : 800만원, 9시간 이상 10시간 미만 : 900만원, 10시간 이상 : 1,000만원 ""","1,000만원 원","33,300 원","28,800 원",2.50 %,-,-,107.3 %,104.3 %,-,-,-,-,기타,무해지/저해지환급,비갱신형,비유니버셜,대면채널,2026-01-01,"1. 가입나이 - 간편심사형(355) : 30세~최대80세(형태별,성별,납입기간별 상이) - 일반심사형 : 만15세~최대80세(형태별,성별,납입기간별 상이) 2. 가입한도 - 간편심사형(355) : 1,000만원~2,000만원 - 일반심사형 : 1,000만원~3,000만원 3. 보험종류 - 간편심사형(355) : 기본형, 해약환급금 미지급형 - 일반심사형 : 기본형, 해약환급금 미지급형 4. 보험기간 : 80세,90세,종신만기 5. 납입기간 : 5,10,15,20,30년 6. 보험료 예시기준 : 40세, 80세만기 ,20년납, 월납, 주계약 특약 각각 1,000만원 기준 7. 보험가격지수 예시기준 : 일반심사형, 해약환금금 미지급형, 가입금액 3,000만원, 40세, 80세만기 ,20년납, 월납",0215886500,file_12.xls,,,,
ABL생명,(무)우리WON전신마취수술보험(일반심사형),주계약,종합병원 전신마취수술급여금 + 종합병원 전신마취수술급여금 + 종합병원 전신마취수술급여금,"피보험자가 보험기간 중 발생한 질병 또는 재해의 치료를 직접적인 목적으로 보험기간 중 “종합병원”에서 “전신마취”를 하고 마취시간 3시간 이상의 “수술”을 받았을 때 (수술 1회당)('다만, 계약일부터 1년 미만의 기간 내에 재해 이외의 원인으로 지급사유가 발생한 경우에는 각 구간별 약정한 금액의 50%를 지급')","""보험가입금액 1,000만원 기준 마취시간 3시간 이상 4시간 미만 : 300만원, 4시간 이상 5시간 미만 : 400만원, 5시간 이상 6시간 미만 : 500만원, 6시간 이상 7시간 미만 : 600만원, 7시간 이상 8시간 미만 : 700만원, 8시간 이상 9시간 미만 : 800만원, 9시간 이상 10시간 미만 : 900만원, 10시간 이상 : 1,000만원 ""","1,000만원 원","36,600 원","30,900 원",2.50 %,-,-,98.7 %,96.2 %,-,-,-,-,기타,무해지/저해지환급,비갱신형,비유니버셜,대면채널,2026-01-01,"1. 가입나이 - 간편심사형(355) : 30세~최대80세(형태별,성별,납입기간별 상이) - 일반심사형 : 만15세~최대80세(형태별,성별,납입기간별 상이) 2. 가입한도 - 간편심사형(355) : 1,000만원~2,000만원 - 일반심사형 : 1,000만원~3,000만원 3. 보험종류 - 간편심사형(355) : 기본형, 해약환급금 미지급형 - 일반심사형 : 기본형, 해약환급금 미지급형 4. 보험기간 : 80세,90세,종신만기 5. 납입기간 : 5,10,15,20,30년 6. 보험료 예시기준 : 40세, 80세만기 ,20년납, 월납, 주계약 특약 각각 1,000만원 기준 7. 보험가격지수 예시기준 : 일반심사형, 기본형, 가입금액 3,000만원, 40세, 80세만기 ,20년납, 월납",0215886500,file_12.xls,,,,
삼성생명,삼성 The(더)Dream 건강보험(2601)(무배당) 100%만기환급형,주계약,고액치료비암진단보험금 + 고액치료비암진단보험금 + 고액치료비암진단보험금,"「암보장개시일」이후에 ""고액치료비암""으로 진단 확정되었을 경우 (최초 1회한)","2,000만원","2,000만원","534,000 원","459,000 원",2.25 %,-,-,117.9 %,120.5 %,-,-,-,-,기타,만기환급,비갱신형,비유니버셜,대면채널,2026-01-01,"□ 필수기재사항 1. 가입 나이 - 일반고지형 : 0세~39세 - 간편고지형 : 5세~39세 2. 보험 기간 : 20년 만기 / 30년 만기 / 40년 만기 3. 보험료 예시기준 - 피보험자 20세, 40년 만기, 20년 월납, 일반고지형 1종(고급형) - 주계약 보장계약 보험가입금액 2,000만원 □ 선택기재사항 1. 보험가격지수 기준 - 20세, 보험 기간 40년, 납입 기간 20년 월납, 보험가입금액 2,000만원, 일반고지형 1종(고급형)",1588-3114,file_12.xls,,,,
삼성생명,"삼성 인터넷 뇌심건강보험(2505)(갱신형,무배당)",주계약,사망보험금 + 사망보험금 + 사망보험금,보험기간 중 사망하였을 경우,"100만원 ※ 보험기간 중 피보험자에게 사망보험금 지급사유가 발생한 경우에는 해당 보험금과 ""이미 납입한보험료"" 중 큰 금액을 지급합니다.",100만원,630 원,390 원,2.00 %,-,-,113.2 %,134.3 %,-,-,-,-,기타,순수보장,갱신형,비유니버셜,CM,2025-05-09,"□ 필수기재사항 1. 가입나이 : 최저 20세 ~ 최대 65세 2. 보험기간 - 최초계약 : 20년만기 - 갱신계약 : 1~20년만기 ※ 주계약의 최종 갱신계약의 보험기간 만료일은 피보험자의 100세 계약해당일의 전일 - 단, 일부 선택특약은 보험기간 상이 3. 보험료 예시기준 - 40세,보험기간 20년만기 전기납(최대 100세),월납, 최초계약 - 주보험 보험가입금액 100만원 □ 선택기재사항 1. 납입기간 : 전기납 2. 보험가격지수 예시기준 - 40세, 보험기간 20년만기 전기납, 월납, 가입금액 100만원, 최초계약 기준",1588-3114,file_12.xls,,,,
삼성생명,삼성 스마트보장보험(2501)(무배당),주계약,특정법정감염병 진단보험금 + 특정법정감염병 진단보험금 + 특정법정감염병 진단보험금,보험기간 중 “특정법정감염병”으로 진단이 확정되었을 때(1회당),20만원,"1,000만원",240 원,240 원,2.00 %,-,-,92.8 %,106.1 %,-,-,-,-,기타,순수보장,비갱신형,비유니버셜,대면채널,2025-01-01,"□ 필수기재사항 1. 가입나이 : 20세 ~ 55세 2. 보험기간 : 1년만기 3. 보험료 예시기준 - 40세, 1년만기, 일시납, 가입금액 1,000만원 □ 선택기재사항 1. 납입기간 : 일시납 2. 보험가격지수 산출 기준 : 40세, 1년만기, 일시납, 가입금액 1,000만원",1588-3114,file_12.xls,,,,
삼성생명,삼성 마음모아 미니생활보험(2501)(무배당),주계약,특정법정감염병 진단보험금 + 특정법정감염병 진단보험금 + 특정법정감염병 진단보험금,특정법정감염병으로 진단 확정되었을 경우 (진단 1회당),20 만원,"1,000만원","3,000 원","3,000 원",2.00 %,-,-,99.4 %,94.7 %,-,-,-,-,기타,순수보장,비갱신형,비유니버셜,대면채널 CM,2025-01-01,"□ 필수 기재사항 1. 가입 나이 : 20세 ~ 만 64세 2. 보험 기간 : 1년 3. 보험료 예시 기준 : 납입기간 일시납, 40세, 가입금액 1,000만원 □ 선택 기재사항 1. 가입한도 : - 보험가입금액 : 500만원 ~ 1,000만원 2. 보험가격지수 예시기준 : - 1년만기, 납입기간 일시납, 40세, 가입금액 1,000만원",1588-3114,file_12.xls,,,,
흥국생명,(무)흥국생명 안심케어보험2603_2종 2형,주계약,50%이상장해생활자금 + 50%이상장해생활자금 + 50%이상장해생활자금,"2,088,250 원",0 원,"3,000만원 원","951,300 원","592,200 원",3.00 %,-,-,92.5 %,88.7 %,-,-,-,-,기타,순수보장,비갱신형,비유니버셜,대면채널 방카슈랑스 CM,2026-03-03,"1. 가입나이 : 만15세 ~ 70세(단 성별, 보험기간, 납입기간별 차등적용) 2. 보험기간 : 90세만기, 100세만기, 110세 만기 3. 보험료 예시기준 : 2종(표준형) 2형(장해보장형) 가입금액 3,000만원, 40세, 90세만기, 20년납, 월납",1588-2288,file_12.xls,,,,
흥국생명,(무)흥국생명 안심케어보험2603(해약환급금일부지급형)_1종 2형,주계약,50%이상장해생활자금 + 50%이상장해생활자금 + 50%이상장해생활자금,"2,088,250 원",0 원,"3,000만원 원","879,300 원","552,600 원",3.00 %,-,-,98.1 %,95.2 %,-,-,-,-,기타,무해지/저해지환급,비갱신형,비유니버셜,대면채널 방카슈랑스 CM,2026-03-03,"1. 가입나이 : 만15세 ~ 70세(단 성별, 보험기간, 납입기간별 차등적용) 2. 보험기간 : 90세만기, 100세만기, 110세 만기 3. 보험료 예시기준 : 1종(50%환급형) 2형(장해보장형) 가입금액 3,000만원, 40세, 90세만기, 20년납, 월납",1588-2288,file_12.xls,,,,
흥국생명,(무)흥국생명다재다능1540보험,주계약,사망보험금 + 사망보험금 + 사망보험금,피보험자가 보험기간 중 보장개시일 이후 재해를 원인으로 사망하였을 때,5년 미만 1000% / 5년 이후 100%,"10,000만원","335,400 원","242,100 원",2.75 %,-,-,110.2 %,124.4 %,-,-,-,-,기타,순수보장,비갱신형,비유니버셜,대면채널 TM,2026-03-03,"1. 가입나이: 만15세~40세 (단 성별, 보험기간, 납입기간별 차등적용) 2. 보험기간: 90세만기, 종신 3. 보험료 예시기준: 1종(기본납입면제형), 가입금액 10,000만원, 90세, 20년납, 월납, 40세 (단, 자사 최대 가입한도는 1,000만원임)",1588-2288,file_12.xls,,,,
교보생명,교보e마라톤보험 (무배당),주계약,재해사망보험금 + 재해사망보험금 + 재해사망보험금,피보험자가 보험기간 중 재해로 사망하였을 경우,"5,000만원","5,000만원 원",348 원,168 원,2.00 %,-,-,154.4 %,143.9 %,-,-,-,-,기타,순수보장,비갱신형,비유니버셜,CM,2026-02-25,"■ 필수기재사항 1. 가입나이 : 20~64세 2. 보험기간 : 1일 3. 보험료 예시기준 : 주계약, 가입금액 5,000만원, 40세, 1일만기, 성별 단일보험료 ■ 선택기재사항 1. 납입기간 : 일시납 2. 납입방법 : 일시납 3. 주계약 가입한도 : 5,000만원",1588-1001,file_12.xls,,,,
교보생명,교보더블업여성건강보험 (무배당),주계약,암 진단보험금 Ⅰ + 암 진단보험금 Ⅰ + 암 진단보험금 Ⅰ,"피보험자가 보험기간(종신) 중 “암 보장개시일” 이후에 “암”으로 진단확정 되었을 경우 (다만, 최초 1회의 진단확정에 한함)",※ 경과기간 20년 미만 [1년 이상] 보험가입금액의 100% [1년 미만] 보험가입금액의 50% ※ 경과기간 20년 이후 보험가입금액의 200%,"3,000만원 원",0 원,"293,400 원",2.50 %,-,-,-,119.4 %,-,-,-,-,기타,무해지/저해지환급,비갱신형,비유니버셜,대면채널,2026-01-01,"■필수기재사항 1. 가입나이 : 15세 ~ 최고70세 2. 보험기간 : 종신 ■선택기재사항 1. 저해약환급금형/일반형 2. 부가서비스 : 교보New헬스케어서비스 여성특화형 3. 보험료 예시기준 : 저해약환급금형(50%해지지급형), 40세가입, 주계약 보험가입금액 3천만원, 20년납, 월납 / (무)소액암진단특약(갱신형)Ⅳ 2형(의무부가,100세만기) 보험가입금액 1,000만원, 20년갱신 전기납, 월납 4. 적용이율 : 가입후 경과기간 15년 미만 2.5%/ 경과기간 15년 이상 2.0%",02-1588-1001,file_12.xls,,,,
교보생명,교보더블업여성건강보험 [D](무배당),주계약,암 진단보험금Ⅰ + 암 진단보험금Ⅰ + 암 진단보험금Ⅰ,"피보험자가 보험기간(종신) 중 “암 보장개시일” 이후에 “암”으로 진단확정 되었을 경우 (다만, 최초 1회의 진단확정에 한함)",※ 경과기간 20년 미만 [1년 이상] 보험가입금액의 100% [1년 미만] 보험가입금액의 50% ※ 경과기간 20년 이후 보험가입금액의 200%,"3,000만원 원",0 원,"293,400 원",2.50 %,-,-,-,119.4 %,-,-,-,-,기타,무해지/저해지환급,비갱신형,비유니버셜,TM,2026-01-01,"■필수기재사항 1. 가입나이 : 15세 ~ 최고70세 2. 보험기간 : 종신 ■선택기재사항 1. 저해약환급금형/일반형 2. 부가서비스 : 교보New헬스케어서비스 여성특화형 3. 보험료 예시기준 : 저해약환급금형(50%해지지급형), 40세가입, 주계약 보험가입금액 3천만원, 20년납, 월납 / (무)소액암진단특약(갱신형)Ⅳ 2형(의무부가,100세만기) 보험가입금액 1,000만원, 20년갱신 전기납, 월납 4. 적용이율 : 가입후 경과기간 15년 미만 2.5%/ 경과기간 15년 이상 2.0%",02-1588-1001,file_12.xls,,,,
교보생명,교보감염케어보험 23.11 (무배당),주계약,주요법정감염병 진단보험금 + 주요법정감염병 진단보험금 + 주요법정감염병 진단보험금,"피보험자가 보험기간 중 “주요법정감염병”으로 관할 보건소에 신고되어 감염병환자로 진단이 확정되었을 경우 (다만, “병원체보유자”는 해당되지 않음)",30만원(진단 1회당),"1,000만원","1,410 원","1,680 원",2.00 %,-,-,109.0 %,100.3 %,-,-,-,-,기타,순수보장,비갱신형,비유니버셜,대면채널,2026-01-01,"■필수기재사항 1. 가입나이 : 20 ~ 60세 2. 보험기간 : 1년 / 3년 3. 보험료 예시기준 : 보험가입금액 1,000만원, 40세, 3년만기, 월납 ■선택기재사항 1. 납입기간 : 전기납 2. 납입방법 : 월납 / 연납",1588-1001,file_12.xls,,,,
교보생명,교보감염케어보험 23.11 (무배당)[D],주계약,주요법정감염병 진단보험금 + 주요법정감염병 진단보험금 + 주요법정감염병 진단보험금,"피보험자가 보험기간 중 “주요법정감염병”으로 관할 보건소에 신고되어 감염병환자로 진단이 확정되었을 경우 (다만, “병원체보유자”는 해당되지 않음)",30만원(진단 1회당),"1,000만원","1,410 원","1,680 원",2.00 %,-,-,109.0 %,100.3 %,-,-,-,-,기타,순수보장,비갱신형,비유니버셜,TM,2026-01-01,"■필수기재사항 1. 가입나이 : 20 ~ 60세 2. 보험기간 : 1년 / 3년 3. 보험료 예시기준 : 보험가입금액 1,000만원, 40세, 3년만기, 월납 ■선택기재사항 1. 납입기간 : 전기납 2. 납입방법 : 월납 / 연납",1588-1001,file_12.xls,,,,
교보생명,교보e감염케어보험 23.11 (무배당),주계약,주요법정감염병 진단보험금 + 주요법정감염병 진단보험금 + 주요법정감염병 진단보험금,"피보험자가 보험기간 중 “주요법정감염병”으로 관할 보건소에 신고되어 감염병환자로 진단이 확정되었을 경우 (다만, “병원체보유자”는 해당되지 않음)",30만원(진단 1회당),"1,000만원","1,410 원","1,680 원",2.00 %,-,-,109.0 %,100.3 %,-,-,-,-,기타,순수보장,비갱신형,비유니버셜,CM,2026-01-01,"■필수기재사항 1. 가입나이 : 20 ~ 60세 2. 보험기간 : 1년 / 3년 3. 보험료 예시기준 : 보험가입금액 1,000만원, 40세, 3년만기, 월납 ■선택기재사항 1. 납입기간 : 전기납 2. 납입방법 : 월납 / 연납",1588-1001,file_12.xls,,,,
교보생명,교보e상해케어보험 23.11 (무배당),주계약,강력범죄위로금 + 강력범죄위로금 + 강력범죄위로금,피보험자가 보험기간 중 “강력범죄”를 직접적인 원인으로 “신체피해로 전치 1개월을 초과하는 상해”가 발생하였을 경우 (동일사고에 의한 경우 1회에 한함),300만원(사고 1회당),"1,000만원","3,300 원","2,130 원",2.00 %,-,-,92.5 %,85.6 %,-,-,-,-,기타,순수보장,비갱신형,비유니버셜,CM,2026-01-01,"■필수기재사항 1. 가입나이 : 20 ~ 60세 2. 보험기간 : 1년 3. 납입기간 : 전기납 ■선택기재사항 1. 보험료 예시기준 : 보험가입금액 1,000만원, 40세, 1년만기, 전기납, 월납",1588-1001,file_12.xls,,,,
교보생명,교보용종케어보험(무배당)[D],주계약,3대기관 양성 신생물 및 용종 수술보험금 + 3대기관 양성 신생물 및 용종 수술보험금 + 3대기관 양성 신생물 및 용종 수술보험금,"피보험자가 보험기간 중 ""3대기관 양성 신생물 및 용종""으로 진단이 확정되고 그 ""3대기관 양성 신생물 및 용종""의 직접적인 치료를 목적으로 ""수술""을 받았을 경우(다만, 연간 1회에 한함)",수술 1회당 10만원,"1,000만원","49,800 원","40,530 원",2.00 %,-,-,90.5 %,86.2 %,-,-,-,-,기타,순수보장,비갱신형,비유니버셜,TM,2026-01-01,"■필수기재사항 1. 가입나이 : 20 ~ 60세 2. 보험기간 : 1년 / 3년 3. 보험료 예시기준 : 보험가입금액 1,000만원, 40세, 3년만기, 일시납 ■선택기재사항 1. 납입기간 : 일시납",1588-1001,file_12.xls,,,,
교보생명,교보용종케어보험(무배당),주계약,3대기관 양성 신생물 및 용종 수술보험금 + 3대기관 양성 신생물 및 용종 수술보험금 + 3대기관 양성 신생물 및 용종 수술보험금,"피보험자가 보험기간 중 ""3대기관 양성 신생물 및 용종""으로 진단이 확정되고 그 ""3대기관 양성 신생물 및 용종""의 직접적인 치료를 목적으로 ""수술""을 받았을 경우(다만, 연간 1회에 한함)",수술 1회당 10만원,"1,000만원","49,800 원","40,530 원",2.00 %,-,-,90.5 %,86.2 %,-,-,-,-,기타,순수보장,비갱신형,비유니버셜,대면채널,2026-01-01,"■필수기재사항 1. 가입나이 : 20 ~ 60세 2. 보험기간 : 1년 / 3년 3. 보험료 예시기준 : 보험가입금액 1,000만원, 40세, 3년만기, 일시납 ■선택기재사항 1. 납입기간 : 일시납",1588-1001,file_12.xls,,,,
교보생명,교보e용종케어보험(무배당),주계약,3대기관 양성 신생물 및 용종 수술보험금 + 3대기관 양성 신생물 및 용종 수술보험금 + 3대기관 양성 신생물 및 용종 수술보험금,"피보험자가 보험기간 중 ""3대기관 양성 신생물 및 용종""으로 진단이 확정되고 그 ""3대기관 양성 신생물 및 용종""의 직접적인 치료를 목적으로 ""수술""을 받았을 경우(다만, 연간 1회에 한함)",수술 1회당 10만원,"1,000만원","49,800 원","40,530 원",2.00 %,-,-,90.5 %,86.2 %,-,-,-,-,기타,순수보장,비갱신형,비유니버셜,CM,2026-01-01,"■필수기재사항 1. 가입나이 : 20 ~ 60세 2. 보험기간 : 1년 / 3년 3. 보험료 예시기준 : 보험가입금액 1,000만원, 40세, 3년만기, 일시납 ■선택기재사항 1. 납입기간 : 일시납",1588-1001,file_12.xls,,,,
교보생명,교보e출산안심보험 (무배당),주계약,특정갑상선기능저하증 진단보험금 + 특정갑상선기능저하증 진단보험금 + 특정갑상선기능저하증 진단보험금,"피보험자가 보험기간 중 “특정 갑상선기능저하증”으로 진단 확정되었을 경우 (다만, 최초 1회에 한함)",30만원,"1,000만원",0 원,"13,230 원",2.00 %,-,-,-,102.2 %,-,-,-,-,기타,순수보장,비갱신형,비유니버셜,CM,2026-01-01,"■필수기재사항 1. 가입나이 : 20 ~ 47세 2. 보험기간 : 1년 3. 납입기간 : 일시납 ■선택기재사항 1. 보험료 예시기준 : 보험가입금액 1,000만원, 40세, 1년만기, 일시납 (피보험자는 임신한 여성에 한함)",1588-1001,file_12.xls,,,,
iM라이프,iM 프리미엄안심보험 무배당 2603 2종(장해보장형),주계약,장해생활비I + 장해생활비I + 장해생활비I,"2,505 원","466,766,775 원","3,000만원 원","1,098,000 원","646,200 원",2.75 %,-,-,133.5 %,128.0 %,-,-,-,-,기타,무해지/저해지환급,비갱신형,비유니버셜,대면채널 방카슈랑스,2026-03-03,"1. 가입나이 : 20세 ~ 최고 70세 2. 보험기간 : 90세/100세/110세만기 3. 납입기간 : 5/7/10/15/20년납 4. 보험료 및 보험가격지수 예시 기준 : 2종(장해보장형), 40세, 90세 만기, 20년납, 월납, 가입금액 3천만원 기준 5. 적용이율: 10년이내 연복리 2.75%, 10년초과 연복리 1.25%",1588-4770,file_12.xls,,,,
iM라이프,iM 프리미엄건강보험 무배당 2404 3종(3대질병보장형),주계약,고액암 진단금 + 고액암 진단금 + 고액암 진단금,피보험자가 보험기간 중 암보장개시일 이후에 고액암으로 진단이 확정되었을 때 (최초 1회에 한함),"8,958,429 원",12 원,"6,531,300 원","6,601,500 원",2.50 %,-,-,98.2 %,103 %,-,-,-,-,기타,만기환급,비갱신형,비유니버셜,대면채널 방카슈랑스,2024-04-01,"1. 가입나이 - 3종(3대질병보장형) 남자 0세~53세, 여자 0세~61세 2. 보험기간: 80세만기, 100세만기, 110세만기 3. 보험종류 - 1종(암보장형) / 2종(2대질병보장형) / 3종(3대질병보장형) 4. 보험료 및 보험가격지수 예시기준 : 40세, 80세만기, 20년납, 월납, 가입금액 3천만원, 3종(3대질병보장형) 기준",1588-4770,file_12.xls,,,,
iM라이프,iM 프리미엄건강보험 무배당 2404 2종(2대질병보장형),주계약,뇌출혈 진단금 + 뇌출혈 진단금 + 뇌출혈 진단금,피보험자가 보험기간 중 뇌출혈로 진단이 확정되었을 때 (최초 1회에 한함),"8,958,429 원",12 원,"3,514,500 원","3,149,100 원",2.50 %,-,-,90.5 %,90 %,-,-,-,-,기타,만기환급,비갱신형,비유니버셜,대면채널 방카슈랑스,2024-04-01,"1. 가입나이 - 2종(2대질병보장형) 80세만기: 남자 0세~60세, 여자 0세~60세 100세/110세만기: 남자 0세~68세, 여자 0세~70세 2. 보험기간: 80세만기, 100세만기, 110세만기 3. 보험종류 - 1종(암보장형) / 2종(2대질병보장형) / 3종(3대질병보장형) 4. 보험료 및 보험가격지수 예시기준 : 40세, 80세만기, 20년납, 월납, 가입금액 3천만원, 2종(2대질병보장형) 기준",1588-4770,file_12.xls,,,,
미래에셋생명,온라인 뇌심보장보험 무배당 [해약환급금이 없는 유형],주계약,1. 뇌경색증진단보험금 2. 뇌출혈진단보험금 3. 급성심근경색증진단보험금 + 1. 뇌경색증진단보험금 2. 뇌출혈진단보험금 3. 급성심근경색증진단보험금 + 1. 뇌경색증진단보험금 2,1. 피보험자가 보험기간 중 뇌경색증으로 진단 확정되었을 경우 (최초 1회한 지급) 2. 피보험자가 보험기간 중 뇌출혈로 진단 확정되었을 경우 (최초 1회한 지급) 3. 피보험자가 보험기간 중 급성심근경색증으로 진단 확정되었을 경우 (최초 1회한 지급),계약일로부터 1년 미만 : 보험가입금액의 50% 계약일로부터 1년 이후 : 보험가입금액의 100%,"2,000만원","60,564 원","36,060 원",2.25 %,-,-,114.6 %,110.6 %,-,-,-,-,기타,무해지/저해지환급,비갱신형,비유니버셜,CM,2026-02-01,"1. 보험기간 : 5년만기, 80세만기, 90세만기 2. 보험종류 : [뇌경색증·뇌출혈·급성심근경색증 보장형] (기본형, 해약환급금이 없는 유형) [뇌혈관질환·허혈성심장질환 보장형] (기본형, 해약환급금이 없는 유형) 3. 가입나이 : 만19세 ~ 60세 4. 납입기간 : 일시납, 10,15,20,25,30년납, 전기납 5. 납입주기 : 일시납, 연납, 월납 6. 보험가격지수 산출기준 : [뇌경색증·뇌출혈·급성심근경색증 보장형], 해약환급금이 없는 유형, 가입금액 2,000만원, 40세, 80세만기, 20년납, 월납 7. 보험료 산출기준 : [뇌경색증·뇌출혈·급성심근경색증 보장형], 해약환급금이 없는 유형, 가입금액 2,000만원, 40세, 80세만기, 20년납, 월납 8. 특이사항 : 「온라인 뇌심보장보험 무배당」은 인터넷으로 직접 가입하는 뇌 및 심장관련질환 보장 상품으로 [뇌경색증·뇌출혈·급성심근경색증 보장형] 및 [뇌혈관질환·허혈성심장질환 보장형] 으로 구성되어 있어 피보험자의 선호에 따라 선택하여 가입할 수 있으며, 만19세부터 60세까지 낮은 보험료로 가입이 가능합니다.",1588-0220,file_12.xls,,,,
미래에셋생명,온라인 뇌심보장보험 무배당 [기본형],주계약,1. 뇌경색증진단보험금 2. 뇌출혈진단보험금 3. 급성심근경색증진단보험금 + 1. 뇌경색증진단보험금 2. 뇌출혈진단보험금 3. 급성심근경색증진단보험금 + 1. 뇌경색증진단보험금 2,1. 피보험자가 보험기간 중 뇌경색증으로 진단 확정되었을 경우 (최초 1회한 지급) 2. 피보험자가 보험기간 중 뇌출혈로 진단 확정되었을 경우 (최초 1회한 지급) 3. 피보험자가 보험기간 중 급성심근경색증으로 진단 확정되었을 경우 (최초 1회한 지급),계약일로부터 1년 미만 : 보험가입금액의 50% 계약일로부터 1년 이후 : 보험가입금액의 100%,"2,000만원","68,196 원","40,896 원",2.25 %,-,-,105.1 %,100.4 %,-,-,-,-,기타,순수보장,비갱신형,비유니버셜,CM,2026-02-01,"1. 보험기간 : 5년만기, 80세만기, 90세만기 2. 보험종류 : [뇌경색증·뇌출혈·급성심근경색증 보장형] (기본형, 해약환급금이 없는 유형) [뇌혈관질환·허혈성심장질환 보장형] (기본형, 해약환급금이 없는 유형) 3. 가입나이 : 만19세 ~ 60세 4. 납입기간 : 일시납, 10,15,20,25,30년납, 전기납 5. 납입주기 : 일시납, 연납, 월납 6. 보험가격지수 산출기준 : [뇌경색증·뇌출혈·급성심근경색증 보장형], 기본형, 가입금액 2,000만원, 40세, 80세만기, 20년납, 월납 7. 보험료 산출기준 : [뇌경색증·뇌출혈·급성심근경색증 보장형], 기본형, 가입금액 2,000만원, 40세, 80세만기, 20년납, 월납 8. 특이사항 : 「온라인 뇌심보장보험 무배당」은 인터넷으로 직접 가입하는 뇌 및 심장관련질환 보장 상품으로 [뇌경색증·뇌출혈·급성심근경색증 보장형] 및 [뇌혈관질환·허혈성심장질환 보장형] 으로 구성되어 있어 피보험자의 선호에 따라 선택하여 가입할 수 있으며, 만19세부터 60세까지 낮은 보험료로 가입이 가능합니다.",1588-0220,file_12.xls,,,,
KDB생명,KDB든든한 건강보험(3대질병보장)(무),주계약,건강관리자금 + 건강관리자금 + 건강관리자금,보험기간 중 피보험자가 계약일로부터 20년이 되는 계약해당일까지 생존시,이미 납입한 보험료의 100%,"3,000만원","27,286,200 원","17,794,800 원",2.50 %,-,-,122.5 %,220.8 %,-,-,-,-,기타,만기환급,비갱신형,비유니버셜,방카슈랑스,2026-01-01,"1. 보험종목 -. 암보장(20년 일시지급, 25년 일시지급) -. 3대질병보장(20년 일시지급, 25년 일시지급) 2. 가입나이: 30세 ~ 최고 65세 3. 보험기간: 90세, 110세만기 4. 보험료 납입기간: 5년, 10년, 15년, 20년, 25년납 5. 보험료 납입주기: 월납, 연납 6. 보험료 예시기준: 3대질병보장, 20년 일시지급, 남자 40세, 여자 34세 주계약 보험가입금액 3,000만원, 90세만기, 20년납, 월납, 건강관리자금 제외 7. 보험가격지수 예시기준: 3대질병보장, 20년 일시지급, 남자 40세, 여자 37세, 주계약 보험가입금액 3,000만원, 90세만기, 20년납, 월납",1588-4040,file_12.xls,,,,
KDB생명,다이렉트 미니독감치료보험(무),주계약,독감치료보험금 + 독감치료보험금 + 독감치료보험금,"보험기간 중 피보험자가 독감(인플루엔자)보장개시일 이후에 독감(인플루엔자)으로 진단확정되고, 보험기간 중 그 질병의 치료를 직접적인 목적으로 독감 항바이러스제를 처방받았을 때(다만, 연간 1회한)",10만원,"1,000만원","8,700 원","12,000 원",2.50 %,-,-,96.1 %,94.7 %,-,-,-,-,기타,순수보장,비갱신형,비유니버셜,CM,2026-01-01,"1. 가입나이: 20세~65세 2. 보험기간: 1년 만기 3. 보험료 납입기간: 전기납 4. 보험료 납입주기: 연납 5. 보험료 예시기준: 40세, 주계약 보험가입금액 1,000만원, 1년만기, 전기납, 연납 6. 보험가격지수 예시기준: 40세, 주계약 보험가입금액 1,000만원, 1년만기, 전기납, 연납",1588-4040,file_12.xls,,,,
DB생명,(무)기후건강 보장보험(2407)(1형:열사병보장형),주계약,온열질환 진단비 + 온열질환 진단비 + 온열질환 진단비,보험기간 중 피보험자가 “온열질환”으로 진단이 확정된 경우(연간1회한),30만원,"1,000만원",540 원,540 원,3.00 %,-,-,156.6 %,170.5 %,-,-,-,-,기타,순수보장,비갱신형,비유니버셜,CM,2024-07-19,"1. 보험기간: 1년만기 2. 납입기간: 일시납 3. 가입연령 : 만19세 ~ 최고64세 4. 보험료 및 보험가격지수 예시 기준 - 주계약, 1년만기, 일시납, 주계약 가입금액 1,000만원(온열질환 진단비 30만원) ※ 기타 자세한 사항은 상품요약서 참조",1588-3131,file_12.xls,,,,
DB생명,(무)기후건강 보장보험(2407)(2형:기후종합형),주계약,온열질환 진단비 + 온열질환 진단비 + 온열질환 진단비,보험기간 중 피보험자가 “온열질환”으로 진단이 확정된 경우(연간1회한),30만원,"1,000만원","11,880 원","16,770 원",3.00 %,-,-,103.6 %,98.8 %,-,-,-,-,기타,순수보장,비갱신형,비유니버셜,CM,2024-07-19,"1. 보험기간: 1년만기 2. 납입기간: 일시납 3. 가입연령 : 만19세 ~ 최고64세 4. 보험료 및 보험가격지수 예시 기준 - 주계약, 1년만기, 일시납, 주계약 가입금액 1,000만원(온열질환 진단비, 한랭질환 진단비: 30만원/ 독감 항바이러스제 치료비: 10만원) ※ 기타 자세한 사항은 상품요약서 참조",1588-3131,file_12.xls,,,,
DB생명,(무)e로운 허혈성심장질환보장보험(해약환급금 미지급형)(2601),주계약,허혈성심장질환 진단자금 + 허혈성심장질환 진단자금 + 허혈성심장질환 진단자금,"보험기간 중 피보험자가 허혈성심장질환으로 진단이 확정되었을 경우(최초 1회에 한함) (다만, 보험계약일로부터 1년미만 지급사유 발생시 해당 진단자금의 50% 지급)","2,000만원","2,000만원","73,200 원","35,400 원",2.75 %,-,-,124.9 %,126.2 %,-,-,-,-,기타,무해지/저해지환급,비갱신형,비유니버셜,CM,2026-01-01,"1. 보험기간 : 80,90,100세만기 2. 납입기간: 10, 15, 20, 25, 30년납 3. 가입연령 : 만19세~최고 60세 *납입기간별로 가입나이는 차이가 있을 수 있습니다. 4. 보험료 예시 기준, 보험가격지수 예시 기준: 해약환급금 미지급형, 주계약 가입금액 2,000만원, 남/여 40세, 80세만기, 20년납, 월납 ※ 기타 자세한 사항은 상품요약서 참조",1588-3131,file_12.xls,,,,
DB생명,(무)e로운 뇌혈관질환보장보험(해약환급금 미지급형)(2601),주계약,뇌혈관질환 진단자금 + 뇌혈관질환 진단자금 + 뇌혈관질환 진단자금,"보험기간 중 피보험자가 뇌혈관질환으로 진단이 확정되었을 경우(최초 1회한) (다만, 보험계약일로부터 1년미만 지급사유 발생시 해당 진단자금의 50% 지급)","2,000만원","2,000만원","69,000 원","61,800 원",2.75 %,-,-,108.2 %,101.9 %,-,-,-,-,기타,무해지/저해지환급,비갱신형,비유니버셜,CM,2026-01-01,"1. 보험기간 : 80,90,100세만기 2. 납입기간: 10, 15, 20, 25, 30년납 3. 가입연령 : 만19세~최고 60세 *납입기간별로 가입나이는 차이가 있을 수 있습니다. 4. 보험료 예시 기준, 보험가격지수 예시 기준: 해약환급금 미지급형, 주계약 가입금액 2,000만원, 남/여 40세, 80세만기, 20년납, 월납 ※ 기타 자세한 사항은 상품요약서 참조",1588-3131,file_12.xls,,,,
DB생명,(무)e로운 12대기관 양성종양 및 3대기관 용종 수술보험(2504),주계약,12대기관 양성종양 및 3대기관 용종 수술급여금 + 12대기관 양성종양 및 3대기관 용종 수술급여금 + 12대기관 양성종양 및 3대기관 용종 수술급여금,"보험기간 중 피보험자가 “12대기관 양성종양 및 3대기관 용종”으로 진단이 확정되고, 보험기간 중 그 치료를 직접적인 목적으로 수술을 받았을 경우(연간1회한도)",10만원,"1,000만원","20,670 원","16,920 원",3.00 %,-,-,74.5 %,71.0 %,-,-,-,-,기타,순수보장,비갱신형,비유니버셜,CM,2026-01-01,"1. 보험기간: 1년, 2년만기 2. 납입기간: 일시납 3. 가입연령 : 만19세 ~ 최고60세 4. 보험료 및 보험가격지수 예시 기준 - 주계약, 2년만기, 일시납, 주계약 가입금액 1,000만원(12대기관 양성종양 및 3대기관 용종 수술급여금 10만원) ※ 기타 자세한 사항은 상품요약서 참조",1588-3131,file_12.xls,,,,
동양생명,(무)우리WON하는mini독감케어보험,주계약,독감항바이러스제치료비 + 독감항바이러스제치료비 + 독감항바이러스제치료비,"독감(인플루엔자) 보장개시일 이후에 ""독감(인플루엔자)""으로 진단확정되고 그 치료를 직접적인 목적으로 ""독감 항바이러스제""를 처방받았을 때(연간1회한)",보험가입금액,10만원,"9,780 원","13,860 원",2.90 %,-,-,84.0 %,80.2 %,-,-,-,-,기타,순수보장,비갱신형,비유니버셜,대면채널 CM,2026-01-01,"1. 가입나이: 20세~70세 2. 보험기간: 1년만기 3. 보험료 예시기준: 보험가입금액 10만원, 40세, 1년만기, 일시납 4. 보험가격지수 예시기준: 보험가입금액 10만원, 40세, 1년만기, 일시납",1577-1004,file_12.xls,,,,
메트라이프생명,무배당 위십이지장및대장용종진단보험,주계약,"위, 십이지장 및 대장 양성신생물(폴립포함) 진단보험금 + 위, 십이지장 및 대장 양성신생물(폴립포함) 진단보험금 + 위, 십이지장 및 대장 양성신생물(폴립포함) 진단보험금","피보험자가 보험기간 중 “위, 십이지장 및 대장 양성신생물(폴립포함)”으로 진단확정 되었을 때 (연간 1회를 한도로 함)",10 만원,100만원,"22,950 원","16,230 원",2.50 %,-,-,121.3 %,131.9 %,-,-,-,-,기타,순수보장,비갱신형,비유니버셜,CM,2024-04-01,"1. 가입나이: 20세~55세 2. 보험기간 : 1년만기 3. 납입기간 : 일시납 4. 가입금액 : 100만원 5. 보험가격지수 예시기준 : 1년만기, 일시납, 40세, 가입금액 100만원 6. 보험료 예시: 40세, 일시납, 1년만기, 가입금액 100만원",1588-9600,file_12.xls,,,,
KB라이프생명,KB 골든라이프 안심보험 무배당(상해보장형),주계약,재해사망보험금 + 재해사망보험금 + 재해사망보험금,피보험자가 보험기간 중 보장개시일 이후에 재해분류표에서 정하는 재해로 인하여 사망하였을 때,6억원,3000만원,"9,096,120 원","6,386,310 원",3.40 %,-,-,93.4 %,92.1 %,-,-,-,-,기타,순수보장,비갱신형,비유니버셜,방카슈랑스,2026-01-19,"1. 가입나이: 만15세 ~ 최대 75세 2. 보험기간: 110세만기 3. 납입기간 : 3년, 4년, 5년, 7년, 10년납 4. 보험료(주계약) 기준 : 40세, 110세만기, 10년납, 월납, 가입금액 : 3,000만원 5. 보험가격지수 기준 : 40세, 110세만기, 10년납, 월납, 가입금액 : 3,000만원 6. 적용이율: 10년 이내 3.40%, 10년 이후 2.0%",1588-3374,file_12.xls,,,,
신한라이프생명,신한SOL뇌심보험(무배당)(실속형),주계약,뇌출혈 진단급여금 + 뇌출혈 진단급여금 + 뇌출혈 진단급여금,"보험기간 중 피보험자가 “뇌출 혈”로 진단 확정 되었을 때 (다 만, 최초 1회의 진단확정에 한 함)","보험가입금액의 100% (다만, 계약일부터 1년 미만에 지급사유가 발생한 경우 “보험가입금액의 50%”를 지급함)","3,000만원","33,390 원","16,470 원",2.10 %,-,-,109.4 %,109.3 %,-,-,-,-,기타,순수보장,비갱신형,비유니버셜,CM,2026-01-01,"1. 보험기간 : 10년, 15년, 20년, 30년 / 80세, 90세만기 2. 납입기간 : 5년, 10년, 15년, 20년납 / 전기납 3. 가입나이 : 만19세~ 최대60세 4. 보험료 예시기준 및 보험가격지수 산출기준 : 40세, 80세 만기, 20년납, 월납, 가입금액 3,000만원, 실속형 ※ 내부 판매기준에 따라 가입이 제한될 수 있습니다.",1588-5580,file_12.xls,,,,
신한라이프생명,신한SOL뇌심보험(무배당)(고급형),주계약,뇌출혈 진단급여금 + 뇌출혈 진단급여금 + 뇌출혈 진단급여금,"보험기간 중 피보험자가 “뇌출혈”로 진단확정 되었을 때 (다만, 최초1회의 진단확정에 한함)","보험가입금액의 100% (다만, 계약일부터 1년 미만에 지급사유가 발생한 경우 “보험가입금액의 50%”를 지급함)","3,000만원","130,320 원","76,140 원",2.10 %,-,-,108.5 %,106.2 %,-,-,-,-,기타,순수보장,비갱신형,비유니버셜,CM,2026-01-01,"1. 보험기간 : 10년, 15년, 20년, 30년 / 80세, 90세만기 2. 납입기간 : 5년, 10년, 15년, 20년납 / 전기납 3. 가입나이 : 만19세~ 최대60세 4. 보험료 예시기준 및 보험가격지수 산출기준 : 40세, 80세 만기, 20년납, 월납, 가입금액 3,000만원, 고급형 ※ 내부 판매기준에 따라 가입이 제한될 수 있습니다.",1588-5580,file_12.xls,,,,
신한라이프생명,신한SOL독감보험 mini(무배당),주계약,환경성질환 입원급여금 + 환경성질환 입원급여금 + 환경성질환 입원급여금,"보험기간 중 피보험자가 “환경성질환”으로 인하여 그 직접적인 치료를 목적으로 보험기간 중 1일이상 계속하여 입원하였을 때(다만, 1회 입원당 120일 한도)",[입원일수 1일당] 보험가입금액의 0.2%,"1,000만원","46,500 원","62,700 원",2.10 %,-,-,89.2 %,84.0 %,-,-,-,-,기타,순수보장,비갱신형,비유니버셜,CM,2026-01-01,"1. 보험기간 : 5년만기 2. 보험형태 : 순수보장형 3. 가입나이 : 만19세 ~ 최고 70세 4. 보험료 납입주기 : 일시납 5. 보험료 예시 기준 : 가입금액 1,000만원, 5년만기, 일시납, 40세 6. 보험가격지수 예시기준 : 가입금액 1,000만원, 5년만기, 일시납, 40세 7. 적용이율 : 2.1%",1588-5580,file_12.xls,,,,
신한라이프생명,신한SOL여성수술보험 mini(무배당),주계약,여성다빈도 생활질병 수술급여금 + 여성다빈도 생활질병 수술급여금 + 여성다빈도 생활질병 수술급여금,"보험기간 중 피보험자가 “여성다빈도생활질병”으로 진단확정 되고, 그 “여성다빈도생활질병”의 직접적인 치료를 목적으로 보험기간 중 수술을 받았을 때",【수술 1회당】 보험가입금액의 2%,"1,000만원",0 원,"2,490 원",2.10 %,-,-,0.0 %,94.9 %,-,-,-,-,기타,순수보장,비갱신형,비유니버셜,CM,2026-01-01,"0. 가입조건: 피보험자의 경우 여성에 한함 1. 가입나이: 만 19세 ~ 55세 2. 보험기간 / 납입기간: 3년 만기 / 일시납, 전기월납 3. 보험료 예시기준: 순수보장형, 가입금액 1,000만원, 여자, 40세, 3년만기, 전기납, 월납 4. 보험가격지수 산출기준: 가입금액 1,000만원, 여자, 40세, 3년만기, 전기납, 월납",1588-5580,file_12.xls,,,,
신한라이프생명,신한SOL3대폴립보험 mini(무배당),주계약,3대기관 양성신생물 및 폴립 수술급여금 + 3대기관 양성신생물 및 폴립 수술급여금 + 3대기관 양성신생물 및 폴립 수술급여금,"보험기간 중 피보험자가 “3대기관 양성신생물 및 폴 립”으로 진단이 확정되고, 그 치료를 직접적인 목적 으로 보험기간 중 수술을 받았을 경우(연간 1회를 한도로 함)",보험가입금액의 1%,500만원,"3,900 원","1,515 원",2.10 %,-,-,138.1 %,186.0 %,-,-,-,-,기타,순수보장,비갱신형,비유니버셜,CM,2026-01-01,"1. 보험기간 : 1년/3년만기 2. 가입나이 : 20세 ~ 60세 3. 보험료 예시기준 : 순수보장형, 가입금액 500만원, 남ㆍ여 40세, 3년만기, 일시납 4. 보험가격지수 산출기준 : 가입금액 500만원, 남ㆍ여 40세, 3년만기, 일시납",1588-5580,file_12.xls,,,,
하나생명,(무)Top3 건강보험Ⅱ 2대질병보장형,주계약,2 대질병진단자금 + 2 대질병진단자금 + 2 대질병진단자금,"피보험자가 보험기간 중 뇌출혈 또는 급성심근경색증 진단이 확정되었을 때(계약일부터 1 년미만 진단확정 시 50%지급, 각 최초 1 회 한함)","3,000만원","3,000만원","73,800 원","54,000 원",2.75 %,-,-,129.7 %,153.0 %,-,-,-,-,기타,만기환급,비갱신형,비유니버셜,방카슈랑스,2026-01-01,"1. 가입연령 : 0세 ~ 최대70세 2. 보험기간 : 110세/90세 만기 3. 납입주기 : 연납/월납/일시납 4. 납입기간 : 일시납/5/10/15/20년납(월납,연납) 5. 상품유형 : 순수보장형/분할페이백형/20년 일시페이백형 6. 보험료 예시기준 : 2대질병보장형 순수보장형 40세, 110세 만기, 20년납, 월납, 가입금액 3,000만원 7. 보험가격지수 예시기준 : 2대질병보장형 순수보장형 , 40세, 110세 만기, 20년납, 월납, 가입금액 3,000만원",1577-1112,file_12.xls,,,,
하나생명,(무)Top3 건강보험Ⅱ 3대질병보장형,주계약,고액암진단자금 + 고액암진단자금 + 고액암진단자금,"피보험자가 보험기간 중 암보장개시일 이후에 고액암으로 진단이 확정되었을 때(계약일부터 1 년미만 진단확정시 50%지급, 최초 1 회 한함)","6,000만원","3,000만원","264,600 원","166,500 원",2.75 %,-,-,95.6 %,98.1 %,-,-,-,-,기타,순수보장,비갱신형,비유니버셜,방카슈랑스,2026-01-01,"1. 가입연령 : 0세 ~ 최대70세 2. 보험기간 : 110세/90세 만기 3. 납입주기 : 연납/월납/일시납 4. 납입기간 : 일시납/5/10/15/20년납(월납,연납) 5. 상품유형 : 순수보장형/분할페이백형/20년 일시페이백형 6. 보험료 예시기준 : 3대질병보장형 순수보장형, 40세, 110세 만기, 20년납, 월납, 가입금액 3,000만원 7. 보험가격지수 예시기준 : 3대질병보장형 순수보장형, 40세, 110세 만기, 20년납, 월납, 가입금액 3,000만원",1577-1112,file_12.xls,,,,
하나생명,"(무)하나로 누리는 건강보험(일반심사형, 해약환급금 미지급형)",주계약,사망보험금 + 사망보험금 + 사망보험금,피보험자가 보험기간 중 사망하였을 때,보험가입금액의 100%,100만원,"6,240 원","5,370 원",2.50 %,-,-,116.4 %,114.0 %,-,-,-,-,기타,무해지/저해지환급,비갱신형,비유니버셜,대면채널,2026-01-01,"1. 가입나이 : 만 15세~최대 70세 2. 보험기간 : 90세만기, 100세만기, 종신 3. 상품형태 : 해약환급금 미지급형 4. 납입기간 : 10/20/30년납 5. 보험료 예시기준 : 40세, 100세 만기, 20년납, 보험가입금액 100만원, 월납 6. 보험가격지수 예시기준 : 40세, 종신, 20년납, 보험가입금액 1,000만원",1577-1112,file_12.xls,,,,
하나생명,"(무)하나로 누리는 건강보험(일반심사형, 일반형)",주계약,사망보험금 + 사망보험금 + 사망보험금,피보험자가 보험기간 중 사망하였을 때,보험가입금액의 100%,100만원,"7,530 원","6,540 원",2.50 %,-,-,106.8 %,103.5 %,-,-,-,-,기타,순수보장,비갱신형,비유니버셜,대면채널,2026-01-01,"1. 가입나이 : 만 15세~최대 70세 2. 보험기간 : 90세만기, 100세만기, 종신 3. 상품형태 : 일반형 4. 납입기간 : 10/20/30년납 5. 보험료 예시기준 : 40세, 100세 만기, 20년납, 보험가입금액 100만원, 월납 6. 보험가격지수 예시기준 : 40세, 종신, 20년납, 보험가입금액 1,000만원",1577-1112,file_12.xls,,,,
하나생명,"(무)하나로 누리는 건강보험(일반심사형, 갱신형)",주계약,사망보험금 + 사망보험금 + 사망보험금,피보험자가 보험기간 중 사망하였을 때,보험가입금액의 100%,100만원,660 원,390 원,2.50 %,-,-,127.6 %,143.7 %,-,-,-,-,기타,순수보장,갱신형,비유니버셜,대면채널,2026-01-01,"1. 가입나이 : 만 15세~최대 65세 2. 보험기간 : 10/20/30년만기 3. 상품형태 : 갱신형 4. 납입기간 : 전기납 5. 보험료 예시기준 : 40세, 20년만기, 전기납, 보험가입금액 100만원, 월납 6. 보험가격지수 예시기준 : 40세, 20년만기, 20년납, 보험가입금액 1,000만원",1577-1112,file_12.xls,,,,
푸본현대생명,푸본현대 행복리턴 건강보험 무배당(B2404),주계약,암진단자금 + 암진단자금 + 암진단자금,"보험기간 중 피보험자가 암보장개시일 이후에 “고액암”으로 진단확정 되었을 경우 (단, 최초 1회에 한함)","16,667 원",16 원,"1,341,900 원","997,200 원",2.60 %,-,-,111.9 %,123.6 %,-,-,-,-,기타,만기환급,비갱신형,비유니버셜,방카슈랑스,2024-04-01,"1. 가입연령 : 만15세~최고 60세 2. 보험기간 : 100세만기 3. 상품형태 : 암보장형(분할지급형, 일시지급형), 3대질병보장형(분할지급형, 일시지급형) 4. 납입기간 : 분할지급형 10/15년납, 일시지급형 3/5/10/15년납 * 보험료는 남/여 40세, 100세만기, 15년납, 가입금액 3,000만원, 암보장형, 분할지급형, 월납 기준 * 보험가격지수는 40세, 100세만기, 15년납, 가입금액 3,000만원, 암보장형, 분할지급형, 월납 기준",1577-3311,file_12.xls,,,,
푸본현대생명,ZERO 성인병보험 뇌심케어 무배당 갱신형(2404),주계약,뇌출혈 진단자금 + 뇌출혈 진단자금 + 뇌출혈 진단자금 + 뇌출혈 진단자금 + 뇌출혈 진단자금 + 뇌출혈 진단자금,"보험기간 중 피보험자가 “뇌출혈”로 진단확정 되었을 경우(단, 최초 1회에 한하여 지급)","16,667 원",8 원,"114,360 원","107,580 원",2.60 %,-,-,155.2 %,163.2 %,-,-,-,-,기타,만기환급,갱신형,비유니버셜,대면채널,2024-04-01,"1. 가입나이 : 만15세 ~ 최고 60세 2. 보험기간 : 10년만기 3. 납입기간 : 10년납 4. 가입한도 : 1000만원 ~ 2000만원 * 주계약 보험료 예시 : 40세, 최초계약, 10년만기, 10년납, 가입금액 1,000만원, 월납 기준 * 보험료납입면제특약 보험료 예시 : 40세, 최초계약, 10년만기, 10년납, 가입금액 주계약 기본보험료의 10배, 월납 기준 * 보험가격지수 예시 : 40세, 10년만기, 10년납, 가입금액 1,000만원, 월납 기준",1577-3311,file_12.xls,,,,
푸본현대생명,ZERO 메디컬보험 무배당 갱신형(2404),주계약,입원 급여금 + 입원 급여금 + 입원 급여금,"보험기간 중 피보험자가 질병 또는 재해로 인하여 그 치료를 직접적인 목적으로 1일이상 계속하여 입원하였을 경우(단, 1회 입원당 120일 한도)","1일당 1만원 (단, 최초계약의 계약일부터 1년미만에 재해이외의 원인으로 지급사유 발생 시 상기금액의 50%지급)","1,000만원","31,800 원","31,800 원",2.60 %,-,-,144.7 %,143.3 %,-,-,-,-,기타,만기환급,갱신형,비유니버셜,TM,2024-04-01,"1. 가입나이 : 만15세~65세 2.보험기간 : 10년만기 3.납입기간 : 10년납 4.가입한도 : 1,000만~2,000만 (가입단위 : 1,000만) * 주계약 보험료 예시 : 최초계약, 가입금액 1,000만, 40세, 10년만기, 10년납, 월납 기준 * 선택특약 보험료 예시 : 재해골절특약 - 최초계약, 가입금액 1,000만, 40세, 10년만기, 10년납, 월납 기준, 수술특약 - 최초계약, 가입금액 500만, 40세, 10년만기, 10년납, 월납 기준 * 보험가격지수 예시 : 최초계약, 가입금액 1,000만, 40세, 10년만기, 10년납, 월납 기준",1577-3311,file_12.xls,,,,
라이나생명,무배당 건강검진 걱정없는 미니보험,주계약,암(유방암/전립선암 제외)치료보험금 + 암(유방암/전립선암 제외)치료보험금 + 암(유방암/전립선암 제외)치료보험금,"피보험자가 보험기간 중 “암(유방암/전립선암 제외)”으로 진단확정 되었을 때(단, 최초1회에 한하여 지급함)",100만원,100만원,"4,230 원","4,920 원",2.25 %,-,-,126.0 %,115.3 %,-,-,-,-,기타,순수보장,비갱신형,비유니버셜,방카슈랑스 CM,2026-01-01,"1. 가입나이 : 20세~60세 2. 보험기간 : 1년만기, 3년만기 3. 납입기간 : 일시납 4. 보험료 및 보험가격지수 작성기준 : 40세, 3년만기, 일시납, 가입금액 100만원",15880058,file_12.xls,,,,
라이나생명,무배당라이나당뇨플러스건강보험,주계약,만기지급금 + 만기지급금 + 만기지급금,피보험자가 보험기간이 끝날 때까지 살 아있을 때,120만원,"4,000만원","78,000 원","54,000 원",2.25 %,-,-,128.7 %,143.4 %,-,-,-,-,기타,만기환급,비갱신형,비유니버셜,대면채널 방카슈랑스,2026-01-01,"1. 가입나이: 20세 ~ 최대70세 2. 보험기간: 20년,10년 3. 납입기간: 전기납 4. 보험료 예시기준: 40세, 20년만기, 전기납, 보험 가입금액4,000만원, 월납 5. 보험가격지수 예시기준: 40세, 20년만기, 전기납, 보험 가입금액4,000만원, 월납",15880058,file_12.xls,,,,
NH농협생명,면역쏘옥NHe통풍대상포진보험(무배당),주계약,대상포진진단자금 + 대상포진진단자금 + 대상포진진단자금,피보험자가 보험기간 중 '대상포진 보장개시일' 이후에 '대상포진'으로 진단 확정되었을 때(최초 1회한),20만원,"1,000만원 원","22,500 원","15,300 원",2.50 %,-,-,96.7 %,91.4 %,-,-,-,-,기타,순수보장,비갱신형,비유니버셜,CM,2026-01-01,"""1. 가입나이 : 만 19세 ~ 최대 60세 2. 가입한도 : 1,000만원 단일 3. 보험기간 : 1년, 3년 4. 판매채널 : CM 5. 위 보험료 및 보험가격지수 예시는 주계약 가입금액 1,000만원, 40세, 1종, 1년만기, 1년납, 연납 기준입니다. """,1544-4000,file_12.xls,,,,
NH농협생명,환경쏘옥NHe독감케어보험(무배당),주계약,독감(인플루엔자)항바이러스제치료보험금 + 독감(인플루엔자)항바이러스제치료보험금 + 독감(인플루엔자)항바이러스제치료보험금,"피보험자가 보험기간 중 독감(인플루인자) 보장개시일 이후에 '독감(인플루엔자)'으로 진단 확정되고, 보험기간 중 그 질병의 직접적인 치료를 목적으로 '독감항바이러스제'를 처방 받았을 경우(최초 1회한)",15만원,"750만원 1,000만원 1,000만원 1,000만원","12,150 원","16,200 원",2.50 %,-,-,104.4 %,95.5 %,-,-,-,-,기타,순수보장,비갱신형,비유니버셜,CM,2027-01-01,"1. 가입나이 : 만 19세 ~ 최대 64세 2. 가입한도 : 750만원 단일 3. 보험기간 : 1년 4. 판매채널 : CM 5. 위 보험료 및 보험가격지수 예시는 주계약 가입금액 750만원, 일반형, 40세, 1년만기, 1년납, 연납 기준입니다.",1544-4000,file_12.xls,,,,
NH농협생명,검진쏘옥NHe용종진단보험(무배당),주계약,3대기관 양성신생물 및 용종 진단보험금 + 3대기관 양성신생물 및 용종 진단보험금 + 3대기관 양성신생물 및 용종 진단보험금,"피보험자가 보험기간 중 '3대기관 양성신생물 및 용종'으로 진단이 확정되었을 때(단, 연간1회한)",5만원,500만원,"10,050 원","6,450 원",2.50 %,-,-,91.4 %,92 %,-,-,-,-,기타,순수보장,비갱신형,비유니버셜,CM,2026-01-01,"""1. 가입나이 : 만 19세 ~ 최대 70세 2. 가입한도 : 500만원 단일 3. 보험기간 : 1년 4. 판매채널 : CM 5. 위 보험료 및 보험가격지수 예시는 주계약 가입금액 500만원, 40세, 1년만기, 1년납, 연납 기준입니다. """,1544-4000,file_12.xls,,,,
교보라이프플래닛생명,"(무)교보라플안심보험(생활비보장형(장해), 해약환급금 일부지급형)",주계약,장해 간병보험금Ⅰ + 장해 간병보험금Ⅰ + 장해 간병보험금Ⅰ,"피보험자가 보험기간 중 보장개시일 이후 동일한 재해 또는 재해 이외의 동일한 원인으로 인하여 장해분류표 중 여러 신체부위의 장해지급률을 더하여 50%이상인 장해상태가 되었을 때 (다만, 최초 1 회에 한함)","매월 장해 간병보험금Ⅰ 지급해당일 : 30만원 (180회 확정 지급) (다만, 가입 후 1년 미만에 재해 이외의 동일한 원인으로 50%이상인 장해상태가 되었을 경우 매월 장해 간병보험금Ⅰ 지급해당일에 15만원 지급)","3,000만원","1,170,900 원","719,100 원",3.00 %,-,-,131.6 %,124.4 %,-,-,-,-,기타,무해지/저해지환급,비갱신형,비유니버셜,방카슈랑스,2026-04-01,"1. 가입나이 : 만 19세 ~ 최대 65세 2. 보험기간 : 90세/100세/110세만기 3. 보험료 예시 기준 : 보험가입금액 3,000만원, 40세, 90세만기, 20년납, 월납 4. 보험료 납입기간 : 5년/7년/10년/15년/20년납 5. 보험료 납입주기 : 월납 6. 가입한도 : 보험가입금액 최저 10만원 ~ 최고 7,000만원 7. 보험가격지수 : 보험가입금액 3,000만원, 40세, 90세만기, 20년납, 월납 8. 적용이율 : 10년 이하 연 복리 3.00%, 10년 초과 연 복리 1.5%",1566-0999,file_12.xls,,,,
교보라이프플래닛생명,"(무)교보라플안심보험(생활비보장형(장해), 표준형)",주계약,장해 간병보험금Ⅰ + 장해 간병보험금Ⅰ + 장해 간병보험금Ⅰ,"피보험자가 보험기간 중 보장개시일 이후 동일한 재해 또는 재해 이외의 동일한 원인으로 인하여 장해분류표 중 여러 신체부위의 장해지급률을 더하여 50%이상인 장해상태가 되었을 때 (다만, 최초 1 회에 한함)","매월 장해 간병보험금Ⅰ 지급해당일 : 30만원 (180회 확정 지급) (다만, 가입 후 1년 미만에 재해 이외의 동일한 원인으로 50%이상인 장해상태가 되었을 경우 매월 장해 간병보험금Ⅰ 지급해당일에 15만원 지급)","3,000만원","1,220,400 원","749,700 원",3.00 %,-,-,118.1 %,111.8 %,-,-,-,-,기타,순수보장,비갱신형,비유니버셜,방카슈랑스,2026-04-01,"1. 가입나이 : 만 19세 ~ 최대 65세 2. 보험기간 : 90세/100세/110세만기 3. 보험료 예시 기준 : 보험가입금액 3,000만원, 40세, 90세만기, 20년납, 월납 4. 보험료 납입기간 : 5년/7년/10년/15년/20년납 5. 보험료 납입주기 : 월납 6. 가입한도 : 보험가입금액 최저 10만원 ~ 최고 7,000만원 7. 보험가격지수 : 보험가입금액 3,000만원, 40세, 90세만기, 20년납, 월납 8. 적용이율 : 10년 이하 연 복리 3.00%, 10년 초과 연 복리 1.5%",1566-0999,file_12.xls,,,,
교보라이프플래닛생명,(무)교보라플 2대질병보험(해약환급금 미지급형),주계약,뇌출혈 진단보험금 + 뇌출혈 진단보험금 + 뇌출혈 진단보험금,"피보험자가 보험기간 중 보장개시일 이후에 「뇌출혈」로 진단 확정되었을 경우 (다만, 최초 1회의 진단 확정에 한함)","479,173 원",12 원,"122,850 원","95,580 원",2.50 %,-,-,111.0 %,107.7 %,-,-,-,-,기타,무해지/저해지환급,비갱신형,비유니버셜,CM,2026-04-01,"1. 가입나이 : 만 19세 ~ 최대 60세 2. 보험기간 : 80세/90세/100세만기 3. 보험료 예시 기준 : 순수보장형, 보험가입금액 3,000만원, 40세, 80세만기, 20년납, 월납 4. 보험료 납입기간 : 20년/30년납, 전기납 5. 보험료 납입주기 : 월납 6. 가입한도 : 보험가입금액 최대 4,000만원 7. 보험가격지수 : 순수보장형, 보험가입금액 3,000만원, 40세, 80세만기, 20년납, 월납",1566-0999,file_12.xls,,,,
교보라이프플래닛생명,(무)교보라플 여성건강보험(순수보장형),주계약,3대암 진단보험금 + 3대암 진단보험금 + 3대암 진단보험금,"피보험자가 보험기간 중 ‘암보장개시일’ 이후에 「3대암」으로 진단 확정되었을 경우 (다만, 최초 1회의 진단 확정에 한함)","5,000,045 원",8 원,0 원,"105,360 원",2.25 %,-,-,-,125.9 %,-,-,-,-,기타,순수보장,비갱신형,비유니버셜,CM,2026-04-01,"1.가입나이 : 만 19세 ~ 최대 60세 2.보험기간 : 70세/80세/90세/100세만기 3.보험료 예시 기준 : 순수보장형, 보험가입금액 2,000만원, 40세, 80세만기, 20년납, 월납 4.보험료 납입주기 : 월납 5.보험료 납입기간 : 20년/30년납, 전기납 6.가입한도 : 보험가입금액 최대 2,000만원 7.보험가격지수 : 순수보장형, 보험가입금액 2,000만원, 40세, 80세만기, 20년납, 월납",1566-0999,file_12.xls,,,,
교보라이프플래닛생명,(무)교보라플 실속보험,주계약,재해사망보험금 + 재해사망보험금 + 재해사망보험금,피보험자가 이 계약의 보험기간 중 「재해」를 직접적인 원인으로 사망 하였을 경우,보장금액의 100%(일반형 선택시),"모든 보장 선택시, 보장계약별 기준보장금액","27,432 원","21,558 원",2.25 %,-,-,139.1 %,132.7 %,-,-,-,-,기타,순수보장,비갱신형,비유니버셜,CM,2026-03-16,"1. 가입나이 : 만 19세 ~ 60세 2. 보험기간 : 1년, 2년 ,3년 만기 3. 보험료 예시 기준 : 모든 보장 선택시, 보장계약별 기준보장금액, 40세, 3년만기, 3년납, 월납 4. 보험료 납입기간 : 일시납, 전기납 5. 보험료 납입주기 : 일시납, 월납 6. 보험가격지수 : 40세, 3년만기, 전기납, 월납, 보험가입금액 10,000만원, 모든 보장 선택시, 보장계약별 기준보장금액",1566-0999,file_12.xls,,,,
교보라이프플래닛생명,(무)교보라플 여성건강보험(만기환급형),주계약,만기환급금 + 만기환급금 + 만기환급금,피보험자가 보험기간이 끝날 때까지 살아 있을 경우,이미 납입한 보험료 × 100%,"2,000만원",0 원,"227,040 원",2.25 %,-,-,-,108.0 %,-,-,-,-,기타,만기환급,비갱신형,비유니버셜,CM,2026-01-01,"1.가입나이 : 만 19세 ~ 최대 60세 2.보험기간 : 70세/80세/90세/100세만기 3.보험료 예시 기준 : 100%만기환급형, 보험가입금액 2,000만원, 40세, 80세만기, 20년납, 월납 4.보험료 납입주기 : 월납 5.보험료 납입기간 : 20년/30년납, 전기납 6.가입한도 : 보험가입금액 최대 2,000만원 7.보험가격지수 : 100%만기환급형, 보험가입금액 2,000만원, 40세, 80세만기, 20년납, 월납",1566-0999,file_12.xls,,,,
흥국생명,(무)흥국생명다재다능종합보험(해약환급금미지급형V2),주계약,암진단급여금 + 재해장해보험금 + 암진단급여금 + 재해장해보험금 + 암진단급여금 + 재해장해보험금,"피보험자가 암보장개시일 이후에 암으로 진단 확정되었을 때(다만, 최초 1회에 한함)",보험가입금액의 100%,"3,000만원","67,590 원","50,670 원",2.75 %,-,-,88.5 %,88.6 %,95.0 %,-,-,-,-,-,무해지/저해지환급,비갱신형,비유니버셜,TM,2026-02-08,"1. 가입나이 : 0세 ~ 30세(단, 성별, 보험기간, 납입기간별 차등적용) 2. 보험기간 : 90세만기, 100세만기 3. 보험료 예시 및 보험가격지수 산출기준 : 1종(해약환급금 미지급형V2), 2형(암보장형), 주보험 가입금액 3,000만원, (무)소액암보장특약Ⅶ 가입금액 600만원, 5세, 100세만기, 20년납, 월납 4. 보장범위지수 산출기준 : 2종(표준형), 2형(암보장형), 주보험 가입금액 1,000만원, (무)소액암보장특약Ⅶ 가입금액 200만원",file_13.xls,,,,
흥국생명,(무)흥국생명다재다능종합보험,주계약,암진단급여금 + 재해장해보험금 + 암진단급여금 + 재해장해보험금 + 암진단급여금 + 재해장해보험금,"피보험자가 암보장개시일 이후에 암으로 진단 확정되었을 때(다만, 최초 1회에 한함)",보험가입금액의 100%,"3,000만원","84,510 원","61,560 원",2.75 %,-,-,79.4 %,79.2 %,95.0 %,-,-,-,-,-,순수보장,비갱신형,비유니버셜,TM,2026-02-08,"1. 가입나이 : 0세 ~ 30세(단, 성별, 보험기간, 납입기간별 차등적용) 2. 보험기간 : 30세만기, 90세만기, 100세만기 3. 보험료 예시 및 보험가격지수 산출기준 : 2종(표준형), 2형(암보장형), 주보험 가입금액 3,000만원, (무)소액암보장특약Ⅶ 가입금액 600만원, 5세, 100세만기, 20년납, 월납 4. 보장범위지수 산출기준 : 2종(표준형), 2형(암보장형), 주보험 가입금액 1,000만원, (무)소액암보장특약Ⅶ 가입금액 200만원, 40세 남자, 10년만기, 전기납, 월납",file_13.xls,,,,
삼성생명,삼성 슬기로운 취미생활 상해보험(2501)(무배당),주계약,재해골절수술보험금 + 재해골절수술보험금 + 재해골절수술보험금,"보험기간 중 재해로 인하여 ""재해 골절"" 상태가 되고, ""재해골절""의 직접적인 치료를 목적 으로 ""재해골절수술""을 받았을 때 (치아의 파절 제외) (단, 보험연도 기준 연 3회한)",1회당 5만원,"1,000만원","2,700 원","2,700 원",2.00 %,-,-,95.9 %,76.0 %,-,-,-,-,보험기간(1년 초과),순수보장,비갱신형,비유니버셜,대면채널,2025-01-14,"□ 필수기재사항 1. 가입나이 : -1종(골절수술보장형), 2종(스포츠안심보장형) : 20세~만64세 -3종(어린이골절수술보장형): 0세~ 만13세 2. 보험기간 : 1년 3. 보험료 예시기준 : 주보험 1종 보험가입금액 1,000만원, 40세, 남자, 1년만기, 일시납 □ 선택기재사항 1. 보험료 납입기간 : 일시납 2. 보험가격지수 예시 기준 : 주보험 1종 보험가입금액 1,000만원, 40세, 1년만기, 일시납",1588-3114,file_15.xls,,,,
삼성생명,삼성 마음모아 미니상해보험(2403)(무배당),주계약,재해골절(치아파절제외) 진단보험금 + 재해골절(치아파절제외) 진단보험금 + 재해골절(치아파절제외) 진단보험금,"재해로 인하여 ""재해골절""상태가 되었을 때(발생 1회당) ※ 동일한 재해로 인하여 2가지 이상의 골절(복합골절)시 1회만 지급",10만원,"1,000만원","14,400 원","12,000 원",2.00 %,-,-,85.2 %,78.8 %,-,-,-,-,보험기간(1년 이하),순수보장,비갱신형,비유니버셜,CM,2024-03-04,"□ 필수기재사항 1. 가입 나이 : 20세 ~ 만 64세 2. 보험 기간 : 1년 3. 보험료 예시 기준 : 납입기간 일시납, 40세, 가입금액 1,000만원 □ 선택기재사항 1. 가입한도 - 보험가입금액 : 500만원 ~ 1,000만원 2. 보험가격지수 예시기준 - 납입기간 일시납, 40세, 가입금액 1,000만원",1588-3114,file_15.xls,,,,
삼성생명,삼성 s교통상해보험(2501)(무배당),주계약,교통재해사망보험금 + 교통재해사망보험금 + 교통재해사망보험금,"보험기간 중 교통재해분류표에서 정하는 ""교통재해""로 인하여 사망하였을 경우","3,000만원","3,000만원","17,100 원","9,900 원",2.00 %,-,-,134.9 %,216.7 %,-,-,-,-,보험기간(1년 이하),순수보장,비갱신형,비유니버셜,대면채널,2025-01-14,"□ 필수기재사항 1. 가입나이 : 최저 만15세~만64세 2. 보험기간 : 1년만기 3. 보험료 예시기준(비위험) - 주계약 : 가입금액 3,000만원, 1년만기, 일시납 - 특약 : 가입금액 3,000만원, 1년만기, 일시납 □ 선택기재사항 1. 보험료 납입기간 : 일시납 2. 보험가격지수 예시기준 - 주계약 1종(교통재해사망보장형) 가입금액 3,000만원, 40세, 비위험, 1년만기, 일시납 ※ 교통재해장해특약(무배당)은 주보험 1종(교통재해사망보장형) 선택시 부가 가능 ※ 일반자동차탑승중교통재해장해특약(무배당)은 주보험 2종(일반자동차탑승중교통재해사망보장형) 선택시 부가 가능 ※ 대중교통재해장해특약(무배당)은 주보험 3종(대중교통재해사망보장형) 선택시 부가 가능",1588-3114,file_15.xls,,,,
흥국생명,(무)흥국생명 안심케어보험2603_2종 4형,주계약,재해사망보험금 + 재해사망보험금 + 재해사망보험금,피보험자가 보험기간 중 재해로 인하여 사망하였을 때,6억원,"3,000만원 원","3,748,500 원","1,662,300 원",3.00 %,-,-,85.0 %,80.7 %,-,-,-,-,보험기간(1년 초과),순수보장,비갱신형,비유니버셜,대면채널 방카슈랑스 CM,2026-03-03,"1. 가입나이 : 만15세 ~ 70세(단 성별, 보험기간, 납입기간별 차등적용) 2. 보험기간 : 100세만기, 110세 만기 3. 보험료 예시기준 : 2종(표준형) 4형(상해보장형) 가입금액 3,000만원, 40세, 100세만기, 20년납, 월납",1588-2288,file_15.xls,,,,
흥국생명,(무)흥국생명 안심케어보험2603(해약환급금일부지급형)_1종 4형,주계약,재해사망보험금 + 재해사망보험금 + 재해사망보험금,피보험자가 보험기간 중 재해로 인하여 사망하였을 때,6억원,"3,000만원 원","3,449,700 원","1,554,300 원",3.00 %,-,-,89.8 %,87.3 %,-,-,-,-,보험기간(1년 초과),무해지/저해지환급,비갱신형,비유니버셜,대면채널 방카슈랑스 CM,2026-03-03,"1. 가입나이 : 만15세 ~ 70세(단 성별, 보험기간, 납입기간별 차등적용) 2. 보험기간 : 100세만기, 110세 만기 3. 보험료 예시기준 : 1종(50%환급형) 4형(상해보장형) 가입금액 3,000만원, 40세, 100세만기, 20년납, 월납",1588-2288,file_15.xls,,,,
흥국생명,(무)흥국생명오튼튼5.10.5건강보험(갱신형),주계약,고도후유장해보험금 + 고도후유장해보험금 + 고도후유장해보험금,"피보험자가 보험기간 중 보장개시일 이후에 장해분류표 중 동일한 재해로 여러 신체부위의 장해지급률을 더하여 80%이상인 장해상태가 되었을 경우 (다만, 최초 1회에 한함)",보험가입금액의 1000%,"3,000만원","2,520 원",630 원,2.75 %,-,-,111.8 %,137.9 %,-,-,-,-,보험기간(1년 초과),순수보장,갱신형,비유니버셜,대면채널 TM,2026-03-03,"1. 가입나이 : 만15세 ~ 80세(단 성별, 보험기간, 납입기간별 차등적용) 2. 보험기간 : 20년(단, 갱신계약의 경우 1~20년) , 30년(단, 갱신계약의 경우 1~30년) 3. 보험료 예시기준 : 10년고지형, 가입금액 3,000만원, 20년만기, 전기납, 월납, 40세 (단, 자사 최대 가입한도는 1,000만원임)",1588-2288,file_15.xls,,,,
흥국생명,(무)흥국생명 다사랑통합상해보험(갱신형),주계약,경증 재해사고급여금 + 경증 재해사고급여금 + 경증 재해사고급여금,피보험자가 보험기간 중 보장개시일 이후에 재해를 원인으 로 약관 별표2(재해사고분류표)에서 정한 경증재해사고가 발생하였을 경우 (부위별로 연간 1회한),보험가입금액의 10%,"3,000만원","1,533,600 원","1,446,300 원",2.75 %,-,-,124.3 %,114.7 %,-,-,-,-,보험기간(1년 초과),순수보장,갱신형,비유니버셜,대면채널 TM,2026-02-08,"""1. 가입나이 : 만15세 ~ 80세(단 성별, 보험기간, 납입기간별 차등적용) 2. 보험기간 : 20년(단, 갱신계약의 경우 1~20년) , 30년(단, 갱신계약의 경우 1~30년) 3. 보험료 예시기준 : 가입금액 3,000만원, 20년만기, 전기납, 월납, 40세 (단, 자사 최대 가입한도는 10만원임)",1588-2288,file_15.xls,,,,
교보생명,교보e일잘러케어보험(무배당),주계약,재해사망보험금 + 재해사망보험금 + 재해사망보험금,피보험자가 보험기간 중 발생한 재해로 사망하였을 경우,보험가입금액의 100%,"1,000만원",639 원,210 원,2.00 %,-,-,134.8 %,153.2 %,-,-,-,-,보험기간(1년 초과),순수보장,비갱신형,비유니버셜,CM,2026-01-01,"■필수기재사항 1. 가입나이 : 20 ~ 60세 2. 보험기간 : 1년 / 3년 3. 보험료 예시기준 : 보험가입금액 1,000만원, 40세, 1년만기, 월납 ■선택기재사항 1. 납입기간 : 전기납 / 일시납 2. 납입방법 : 월납 / 연납 / 일시납",1588-1001,file_15.xls,,,,
교보생명,교보일잘러케어보험(무배당),주계약,재해사망보험금 + 재해사망보험금 + 재해사망보험금,피보험자가 보험기간 중 발생한 재해로 사망하였을 경우,보험가입금액의 100%,"1,000만원",639 원,210 원,2.00 %,-,-,134.8 %,153.2 %,-,-,-,-,보험기간(1년 초과),순수보장,비갱신형,비유니버셜,대면채널,2026-01-01,"■필수기재사항 1. 가입나이 : 20 ~ 60세 2. 보험기간 : 1년 / 3년 3. 보험료 예시기준 : 보험가입금액 1,000만원, 40세, 1년만기, 월납 ■선택기재사항 1. 납입기간 : 전기납 / 일시납 2. 납입방법 : 월납 / 연납 / 일시납",1588-1001,file_15.xls,,,,
교보생명,교보e대중교통안심보험 (무배당),주계약,대중교통 재해사망보험금 + 대중교통 재해사망보험금 + 대중교통 재해사망보험금,"피보험자가 보험기간 중 ""대중교통 이용 중 교통재해""로 사망하였을 경우",보험가입금액의 100%,"1,000만원","15,750 원","10,740 원",2.00 %,-,-,110.0 %,99.8 %,-,-,-,-,보험기간(1년 이하),순수보장,비갱신형,비유니버셜,CM,2026-01-01,"■필수기재사항 1. 가입나이 : 20세 ~ 60세 2. 보험기간 : 1년 3. 납입기간 : 일시납 ■선택기재사항 1. 보험료 예시기준 : 보험가입금액 1,000만원, 40세, 1년만기, 일시납",1588-1001,file_15.xls,,,,
교보생명,교보e교통안심보험 (무배당),주계약,교통재해사망보험금 + 교통재해사망보험금 + 교통재해사망보험금,"피보험자가 보험기간 중 ""교통재해""로 사망하였을 경우",보험가입금액의 100%,"1,000만원","8,760 원","3,330 원",2.00 %,-,-,149.3 %,152.6 %,-,-,-,-,보험기간(1년 이하),순수보장,비갱신형,비유니버셜,CM,2026-01-01,"■필수기재사항 1. 가입나이 : 20세 ~ 60세 2. 보험기간 : 1년 3. 납입기간 : 일시납 ■선택기재사항 1. 보험료 예시기준 : 보험가입금액 1,000만원, 40세, 1년만기, 일시납",1588-1001,file_15.xls,,,,
교보생명,교보상해케어보험 23.11 (무배당),주계약,강력범죄위로금 + 강력범죄위로금 + 강력범죄위로금,피보험자가 보험기간 중 “강력범죄”를 직접적인 원인으로 “신체피해로 전치 1개월을 초과하는 상해”가 발생하였을 경우 (동일사고에 의한 경우 1회에 한함),300만원(사고 1회당),"1,000만원","3,300 원","2,130 원",2.00 %,-,-,92.5 %,85.6 %,-,-,-,-,보험기간(1년 이하),순수보장,비갱신형,비유니버셜,대면채널,2026-01-01,"■필수기재사항 1. 가입나이 : 20 ~ 60세 2. 보험기간 : 1년 3. 납입기간 : 전기납 ■선택기재사항 1. 보험료 예시기준 : 보험가입금액 1,000만원, 40세, 1년만기, 전기납, 월납",1588-1001,file_15.xls,,,,
교보생명,교보상해보험 [D](무배당)[만기환급형(100%)],주계약,재해사망보험금 + 재해사망보험금 + 재해사망보험금,피보험자가 보험기간 중 발생한 재해로 사망하였을 경우,보험가입금액의 500%,"1,000만원","457,488 원","247,590 원",2.00 %,-,-,1028.2 %,991.8 %,-,-,-,-,보험기간(1년 초과),만기환급,비갱신형,비유니버셜,TM,2025-03-26,"■필수기재사항 1. 가입나이 : 19 ~ 60세 2. 보험기간 : 20년 3. 보험료 예시기준 : 만기환급형(100%), 보험가입금액 1,000만원, 40세, 20년만기, 20년납, 월납, 비위험직 ■선택기재사항 1. 납입기간 : 5년, 10년, 15년, 20년 2. 납입방법 : 월납 / 연납",1588-1001,file_15.xls,,,,
교보생명,교보상해보험 [D](무배당)[순수보장형],주계약,재해사망보험금 + 재해사망보험금 + 재해사망보험금,피보험자가 보험기간 중 발생한 재해로 사망하였을 경우,보험가입금액의 500%,"1,000만원","4,632 원","1,596 원",2.00 %,-,-,159.7 %,165.3 %,-,-,-,-,보험기간(1년 초과),순수보장,비갱신형,비유니버셜,TM,2025-03-26,"■필수기재사항 1. 가입나이 : 19 ~ 60세 2. 보험기간 : 20년 3. 보험료 예시기준 : 순수보장형, 보험가입금액 1,000만원, 40세, 20년만기, 20년납, 월납, 비위험직 ■선택기재사항 1. 납입기간 : 5년, 10년, 15년, 20년 2. 납입방법 : 월납 / 연납",1588-1001,file_15.xls,,,,
DB생명,(무)백년친구 생활보험(2602)(2종:건강보장형),주계약,교통재해사망보험금 + 교통재해사망보험금 + 교통재해사망보험금,보험기간 중 피보험자가 “교통재해”로 인하여 사망하였을 때,"10,000만원","1,000만원 원","45,000 원","37,800 원",3.00 %,-,-,157.1 %,173.2 %,-,-,-,-,보험기간(1년 초과),순수보장,비갱신형,비유니버셜,대면채널 방카슈랑스,2026-02-01,"1. 상품형태: 2종(건강보장형) 2. 보험기간: 10년만기 3. 납입주기: 월납 4. 가입연령: 15세 ~ 최고 75세 5. 보험가격지수 예시기준: 2종(건강보장형), 가입금액형, 가입나이 40세, 보험기간 10년, 2년납, 월납 6. 보험료 예시기준 - 주계약: 2종(건강보장형), 가입금액형, 가입나이 40세, 보험기간 10년, 2년납, 월납 ※기타 자세한 사항은 상품요약서 참조",1588-3131,file_15.xls,,,,
DB생명,(무)백년친구 생활보험(2602)(1종:종합보장형),주계약,교통재해사망보험금 + 교통재해사망보험금 + 교통재해사망보험금,보험기간 중 피보험자가 “교통재해”로 인하여 사망하였을 때,"20,000만원",1000만원 원,"74,700 원","58,200 원",3.00 %,-,-,154.5 %,188 %,-,-,-,-,보험기간(1년 초과),순수보장,비갱신형,비유니버셜,대면채널 방카슈랑스,2026-02-01,"1. 상품형태: 1종(종합보장형) 2. 보험기간: 10년만기 3. 납입주기: 월납 4. 가입연령: 15세 ~ 최고 75세 5. 보험가격지수 예시기준: 1종(종합보장형), 가입금액형, 가입나이 40세, 보험기간 10년, 2년납, 월납 6. 보험료 예시기준 - 주계약: 1종(종합보장형), 가입금액형, 가입나이 40세, 보험기간 10년, 2년납, 월납 ※기타 자세한 사항은 상품요약서 참조",1588-3131,file_15.xls,,,,
DB생명,(무)백년친구 생활보험(2602)(3종:레저보장형),주계약,교통재해사망보험금 + 교통재해사망보험금 + 교통재해사망보험금,보험기간 중 피보험자가 “교통재해”로 인하여 사망하였을 때,"10,000만원","1,000만원 원","30,300 원","21,000 원",3.00 %,-,-,157.4 %,229.8 %,-,-,-,-,보험기간(1년 초과),순수보장,비갱신형,비유니버셜,대면채널 방카슈랑스,2026-02-01,"1. 상품형태: 3종(레저보장형) 2. 보험기간: 10년만기 3. 납입주기: 월납 4. 가입연령: 15세 ~ 최고 75세 5. 보험가격지수 예시기준: 3종(레저보장형), 가입금액형, 가입나이 40세, 보험기간 10년, 2년납, 월납 6. 보험료 예시기준 - 주계약: 3종(레저보장형), 가입금액형, 가입나이 40세, 보험기간 10년, 2년납, 월납 ※기타 자세한 사항은 상품요약서 참조",1588-3131,file_15.xls,,,,
DB생명,(무)백년친구 안심보험(2602)(장해보장형),주계약,장해생활비Ⅰ + 장해생활비Ⅰ + 장해생활비Ⅰ,피보험자가 보험기간 중 「동일한 재해 또는 재해 이외의 동일한 원인」 을 직접적인 원인으로 장해분류표 중 여러 신체부위의 장해지급률을 더하여 60%이상인 장해상태가 되었을 때(최초 1회한),"매월 장해생활자금Ⅰ 지급해당일: 50만원(180회 확정지급)(다만, 계약일로부터 1년미만에 재해 이외의 동일한 원인으로 지급사유 발생시 50% 지급)","1,000만원","1,271,700 원","850,200 원",2.75 %,-,-,69.4 %,64.7 %,-,-,-,-,보험기간(1년 초과),순수보장,비갱신형,비유니버셜,대면채널 방카슈랑스,2026-02-01,"""○ 상품형태: 장해보장형 ○ 가입연령 : 0세 ~ 최고70세 ○ 보험기간 : 110세만기 ○ 납입기간 : 5. 7, 10, 15, 20년납 ○ 보험료 예시 기준 - 가입금액 1,000만원, 40세, 110세만기, 20년납, 월납 ○ 보험가격지수 예시 기준 - 가입금액 3,000만원, 40세, 110세만기, 20년납, 월납 ※기타 자세한 사항은 상품요약서 참조",1588-3131,file_15.xls,,,,
DB생명,(무)백년친구 안심보험(2602)(상해보장형),주계약,재해사망보험금 + 재해사망보험금 + 재해사망보험금,피보험자가 보험기간 중 재해로 인하여 사망하였을 때,2억원,"1,000만원","1,858,800 원","1,305,000 원",2.75 %,-,-,69.3 %,64.5 %,-,-,-,-,보험기간(1년 초과),순수보장,비갱신형,비유니버셜,대면채널 방카슈랑스,2026-02-01,"○ 상품형태: 상해보장형 ○ 가입연령 : 15세 ~ 최고75세 ○ 보험기간 : 110세만기 ○ 납입기간 : 5. 7, 10, 15, 20년납 ○ 보험료 예시 기준 가입금액 1,000만원, 40세, 110세만기, 20년납, 월납 ○ 보험가격지수 예시 기준 -.가입금액 3,000만원, 40세, 110세만기, 20년납, 월납 ※기타 자세한 사항은 상품요약서 참조",1588-3131,file_15.xls,,,,
DB생명,(무)백년친구 New 내가고른 건강보험(갱신형)(2404),주계약,재해사망보험금 + 재해사망보험금 + 재해사망보험금,재해사망시,2.000만원,2.000만원,"1,680 원",720 원,3.00 %,-,-,119.3 %,177.3 %,-,-,-,-,보험기간(1년 초과),순수보장,갱신형,비유니버셜,대면채널 TM,2026-01-01,"1. 상품형태 : 갱신형, 순수보장형 2. 보험기간 : 20년 또는 10년만기 갱신형, 최대 100세 만기 3. 납입기간 : 전기납 4. 가입연령 : 만15세 ~ 최고 70세 5. 보험가격지수 예시기준: 주계약, 20년만기, 전기납, 가입금액 3천만원 기준 6. 보험료 예시기준 : - 주계약, 40세, 20년만기, 전기납, 가입금액 2천만원 기준 - 선택특약, 40세, 20년만기,, 전기납, 가입금액 1천만원 기준",1588-3131,file_15.xls,,,,
동양생명,(무)우리WON하는보장보험(갱신형),주계약,고도재해장해보험금 + 고도재해장해보험금 + 고도재해장해보험금,피보험자가 보험기간 중 보장개시일 이후 「동일한 재해」로 인하여 장해분류표 중 여러 신체부위의 장해지급률을 더하여 80%이상인 장해상태가 되었을 때 (최초1회한),보험가입금액,"5,000만원",390 원,90 원,2.25 %,-,-,87.4 %,88.7 %,-,-,-,-,보험기간(1년 초과),무해지/저해지환급,갱신형,비유니버셜,대면채널 TM 기타,2026-01-01,"1. 가입나이: 25세~최고 80세 2. 보험기간: 20년만기, 30년만기 3. 상품형태: 일반심사형 / 해약환급금미지급형, 표준형(미판매) 4. 보험료 예시기준: 일반심사형, 해약환급금 미지급형, 가입금액 5,000만원, 40세, 20년만기, 전기납 5. 특약보험료 예시기준: 일반심사형, 해약환급금 미지급형, 40세, 20년만기, 전기납 6. 보험가격지수 예시기준: 일반심사형, 해약환급금 미지급형, 가입금액 1,000만원, 40세, 20년만기, 전기납",1577-1004,file_15.xls,,,,
동양생명,"(무)엔젤안심보험(상해보장형,표준형)",주계약,고도장해보험금 + 고도장해보험금 + 고도장해보험금,"피보험자가 보험기간 중 보장개시일 이후 「동일한 재해 또는 재해 이외의 동일한 원인」으로 인하여 장해분류표 중 여러 신체부위의 장해지급률을 더하여 80%이상인 장해상태가 되었을 때 (다만, 최초 1회에 한함)","3억원 (다만, 계약일로부터 1년 미만에 재해 이외의 동일한 원인으로 80%이상인 장해상태가 되었을 때 50%지급)","1,000만원","505,800 원","273,900 원",2.75 %,-,-,95.7 %,89.8 %,-,-,-,-,보험기간(1년 초과),순수보장,비갱신형,비유니버셜,대면채널 방카슈랑스,2026-01-01,"1. 가입나이 : 15세~최대75세 2. 상품형태 : 치매보장형, 생활비보장형(장해), 상해보장형 / 해약환급금 일부지급형Ⅲ, 표준형 3. 보험기간 : 90·100·110세만기 4. 보험료 예시기준: 상해보장형, 표준형, 보험가입금액 1,000만원, 40세, 90세만기, 20년납, 월납 5. 보험가격지수 예시기준: 상해보장형, 표준형, 보험가입금액 1,000만원, 40세, 90세만기, 20년납, 월납 6. 확정이율 : 10년 이내 2.75%, 10년 초과 2.00%",1577-1004,file_15.xls,,,,
동양생명,"(무)엔젤안심보험(생활비보장형(장해),해약환급금 일부지급형Ⅲ)",주계약,장해생활자금Ⅰ + 장해생활자금Ⅰ + 장해생활자금Ⅰ,"피보험자가 보험기간 중 보장개시일 이후 「동일한 재해 또는 재해 이외의 동일한 원인」으로 인하여 장해분류표 중 여러 신체부위의 장해지급률을 더하여 50%이상인 장해상태가 되었을 때 (다만, 최초 1회에 한함)","매월 장해생활자금Ⅰ 지급해당일 : 10만원 (180회 확정지급) (다만, 계약일로부터 1년 미만에 재해 이외의 동일한 원인으로 50%이상인 장해상태가 되었을 때 매월 장해생활자금Ⅰ 지급해당일에 5만원 지급)","1,000만원","359,100 원","224,100 원",2.75 %,-,-,98.9 %,92.2 %,-,-,-,-,보험기간(1년 초과),무해지/저해지환급,비갱신형,비유니버셜,대면채널 방카슈랑스,2026-01-01,"1. 가입나이 : 0세~최대75세 2. 상품형태 : 치매보장형, 생활비보장형(장해), 상해보장형 / 해약환급금 일부지급형Ⅲ, 표준형 3. 보험기간 : 90·100·110세만기 4. 보험료 예시기준: 생활비보장형(장해), 해약환급금 일부지급형Ⅲ, 보험가입금액 1,000만원, 40세, 90세만기, 20년납, 월납 5. 보험가격지수 예시기준: 생활비보장형(장해), 해약환급금 일부지급형Ⅲ, 보험가입금액 1,000만원, 40세, 90세만기, 20년납, 월납 6. 확정이율 : 10년 이내 2.75%, 10년 초과 2.00%",1577-1004,file_15.xls,,,,
동양생명,"(무)엔젤안심보험(생활비보장형(장해), 표준형)",주계약,장해생활자금Ⅰ + 장해생활자금Ⅰ + 장해생활자금Ⅰ,"피보험자가 보험기간 중 보장개시일 이후 「동일한 재해 또는 재해 이외의 동일한 원인」으로 인하여 장해분류표 중 여러 신체부위의 장해지급률을 더하여 50%이상인 장해상태가 되었을 때 (다만, 최초 1회에 한함)","매월 장해생활자금Ⅰ 지급해당일 : 10만원 (180회 확정지급) (다만, 계약일로부터 1년 미만에 재해 이외의 동일한 원인으로 50%이상인 장해상태가 되었을 때 매월 장해생활자금Ⅰ 지급해당일에 5만원 지급)","1,000만원","365,400 원","226,800 원",2.75 %,-,-,96.5 %,89.4 %,-,-,-,-,보험기간(1년 초과),순수보장,비갱신형,비유니버셜,대면채널 방카슈랑스,2026-01-01,"1. 가입나이 : 0세~최대75세 2. 상품형태 : 치매보장형, 생활비보장형(장해), 상해보장형 / 해약환급금 일부지급형Ⅲ, 표준형 3. 보험기간 : 90·100·110세만기 4. 보험료 예시기준: 생활비보장형(장해), 표준형, 보험가입금액 1,000만원, 40세, 90세만기, 20년납, 월납 5. 보험가격지수 예시기준: 생활비보장형(장해), 표준형, 보험가입금액 1,000만원, 40세, 90세만기, 20년납, 월납 6. 확정이율 : 10년 이내 2.75%, 10년 초과 2.00%",1577-1004,file_15.xls,,,,
동양생명,"(무)엔젤안심보험(상해보장형,해약환급금 일부지급형Ⅲ)",주계약,고도장해보험금 + 고도장해보험금 + 고도장해보험금,"피보험자가 보험기간 중 보장개시일 이후 「동일한 재해 또는 재해 이외의 동일한 원인」으로 인하여 장해분류표 중 여러 신체부위의 장해지급률을 더하여 80%이상인 장해상태가 되었을 때 (다만, 최초 1회에 한함)","3억원 (다만, 계약일로부터 1년 미만에 재해 이외의 동일한 원인으로 80%이상인 장해상태가 되었을 때 50%지급)","1,000만원","497,700 원","270,900 원",2.75 %,-,-,98.2 %,92.8 %,-,-,-,-,보험기간(1년 초과),무해지/저해지환급,비갱신형,비유니버셜,대면채널 방카슈랑스,2026-01-01,"1. 가입나이 : 15세~최대75세 2. 상품형태 : 치매보장형, 생활비보장형(장해), 상해보장형 / 해약환급금 일부지급형Ⅲ, 표준형 3. 보험기간 : 90·100·110세만기 4. 보험료 예시기준: 상해보장형, 해약환급금 일부지급형Ⅲ, 보험가입금액 1,000만원, 40세, 90세만기, 20년납, 월납 5. 보험가격지수 예시기준: 상해보장형, 해약환급금 일부지급형Ⅲ, 보험가입금액 1,000만원, 40세, 90세만기, 20년납, 월납 6. 확정이율 : 10년 이내 2.75%, 10년 초과 2.00%",1577-1004,file_15.xls,,,,
동양생명,(무)우리WON하는미니상해보험,주계약,재해골절치료비 + 재해골절치료비 + 재해골절치료비,피보험자가 보험기간 중 발생한 재해를 직접적인 원인으로 재해골절(치아파절 제외) 상태가 되었을 때(발생1회당),10만원,10만원,"10,980 원","10,350 원",2.90 %,-,-,77.4 %,71.3 %,-,-,-,-,보험기간(1년 이하),순수보장,비갱신형,비유니버셜,대면채널 CM,2026-01-01,"1. 가입나이: 20세~70세 2. 보험기간: 1년만기 3. 상품형태: - 4. 보험료 예시기준: 보험가입금액 10만원, 40세, 1년만기, 일시납 5. 보험가격지수 예시 기준: 보험가입금액 10만원, 40세, 1년만기, 일시납",1577-1004,file_15.xls,,,,
동양생명,(무)우리WON하는mini교통재해보험,주계약,교통재해응급실내원진료비(응급) + 교통재해응급실내원진료비(응급) + 교통재해응급실내원진료비(응급),"피보험자가 보험기간 중 발생한 ""교통재해""를 직접적인 원인으로 ""응급환자""로 응급실에 내원하여 진료를 받았을 때 (내원 1회당)",10만원,"1,000만원","8,940 원","4,020 원",2.90 %,-,-,77.1 %,71.3 %,-,-,-,-,보험기간(1년 이하),순수보장,비갱신형,비유니버셜,대면채널 CM,2026-01-01,"1. 가입나이: 20세~70세 2. 보험기간: 1년만기 3. 상품형태: - 4. 보험료 예시기준: 보험가입금액 1,000만원, 40세, 1년만기, 일시납 5. 보험가격지수 예시 기준: 보험가입금액 1,000만원, 40세, 1년만기, 일시납",1577-1004,file_15.xls,,,,
동양생명,(무)엔젤상해보험,주계약,만기보험금 + 만기보험금 + 만기보험금,피보험자가 보험기간이 끝날 때까지 살아있을 때,이미 납입한 보험료의 100%,"5,000만원","135,000 원","66,000 원",3.00 %,-,-,108.3 %,95.8 %,-,-,-,-,보험기간(1년 초과),만기환급,비갱신형,비유니버셜,대면채널 방카슈랑스,2024-04-01,"1. 가입나이: 만15세~70세 2. 보험기간: 3·5·7·10·15·20년만기 3. 납입주기: 월납, 3개월납, 6개월납, 연납 4. 보험료 예시기준: 기본형, 가입금액 5,000만원, 40세, 비위험, 20년만기, 15년납, 월납 5. 보험가격지수 예시기준: 기본형, 가입금액 3,000만원, 40세, 비위험, 20년만기, 15년납, 월납",1577-1004,file_15.xls,,,,
메트라이프생명,무배당 고마워요 소방관보험,주계약,재해사망보험금 + 재해사망보험금 + 재해사망보험금,보험 기간 중 별표 3 (재해분류표)에서 정하는 재해 (이하 “재해”라 합니다)를 직접적인 원인 으로 하여 사망하였을 때,500 만원,500 만원,"15,450 원","10,200 원",2.30 %,-,-,109.7 %,143.5 %,-,-,-,-,보험기간(1년 이하),순수보장,비갱신형,비유니버셜,CM,2025-09-11,"1. 가입연령 : 20세 ~ 60세 2. 보험기간 및 납입기간 : 1년 만기 및 일시납 3. 보험가입금액 : 500 만원 4. 보험가격지수 예시 기준 : 1년만기, 일시납, 가입금액 500 만원, 40세 5. 보험료 예시 기준 : 가입금액 500 만원, 40세 남/여, 1년만기, 일시납",1588-9600,file_15.xls,,,,
메트라이프생명,무배당 메트라이프 mini 재해보험,주계약,재해사망보험금 + 재해사망보험금 + 재해사망보험금,보험 기간 중 별표 3 (재해분류표)에서 정하는 재해 (이하 “재해”라 합니다)를 직접적인 원인으로 하여 사망하였을 때,"1,000만원","1,000만원","14,700 원","9,000 원",2.30 %,-,-,89.5 %,104.3 %,-,-,-,-,보험기간(1년 이하),순수보장,비갱신형,비유니버셜,CM,2024-04-01,"1. 가입연령 : 20세 ~ 70세 2. 보험기간 및 납입기간 : 1년 만기 및 일시납 3. 보험가입금액 : 1,000만원 4. 보험가격지수 예시 기준 : 1년만기, 일시납, 가입금액 1,000만원, 40세 5. 보험료 예시 기준 : 가입금액 1,000만원, 40세 남/여, 1년만기, 일시납",1588-9600,file_15.xls,,,,
메트라이프생명,무배당 뼈 미니 재해골절보험,주계약,재해골절진단보험금 + 재해골절진단보험금 + 재해골절진단보험금,"보험기간 중 재해로 인하여 골절 (치아파절 제외) 로 진단 확정 되었을 때 (다만, 동일한 재해로 2 가지 이상의 골절(복합골절)시 1 회만 지급함)",재해골절 발생 1 회당 10 만원 (보험가입금액의 1 %),"1,000만원","11,100 원","7,800 원",2.30 %,-,-,102.8 %,109.8 %,-,-,-,-,보험기간(1년 이하),순수보장,비갱신형,비유니버셜,CM,2025-04-01,"1. 가입연령 : 20세 ~ 70세 2. 보험기간 및 납입기간 : 1년 만기 및 일시납 3. 보험가입금액 : 1,000만원 4. 보험가격지수 예시 기준 : 1년만기, 일시납, 가입금액 1,000만원, 40세 5. 보험료 예시 기준 : 가입금액 1,000만원, 40세 남/여, 1년만기, 일시납",1588-9600,file_15.xls,,,,
메트라이프생명,무배당 뼈대있는깁스보험,주계약,깁스치료비 + 깁스치료비 + 깁스치료비,피보험자가 보험기간 중 재해 또는 질병으로 깁스치료를 받았을 때,1만원 (발생 1회당),1만원,"2,310 원","2,310 원",2.30 %,-,-,136.3 %,126.1 %,-,-,-,-,보험기간(1년 이하),순수보장,비갱신형,비유니버셜,CM,2025-04-01,"1. 가입연령 : 20세 ~ 70세 2. 보험기간 및 납입기간 : 1년 만기 및 일시납 3. 보험가입금액 : 1만원 4. 보험가격지수 예시 기준 : 1년만기, 일시납, 가입금액 1만원, 40세 5. 보험료 예시 기준 : 가입금액 1만원, 40세 남/여, 1년만기, 일시납",1588-9600,file_15.xls,,,,
KB라이프생명,KB 지켜주는 교통안심보험 무배당,주계약,교통재해사망보험금 + 교통재해사망보험금 + 교통재해사망보험금,피보험자가 보험기간 중 “교통사고”로 인하여 사망하였 을 때,"1,000만원","1,000만원","18,330 원","7,380 원",2.70 %,-,-,115.9 %,106.9 %,-,-,-,-,보험기간(1년 초과),순수보장,비갱신형,비유니버셜,CM,2025-09-01,"1. 가입나이 : 만19세 ~ 64세 2. 보험기간 : 1년만기, 3년만기 3. 납입기간 : 일시납 5. 보험료 기준 : 40세, 3년만기, 일시납, 가입금액 1,000만원 6. 보험가격지수 기준 : 40세, 3년만기, 일시납, 가입금액 1,000만원",1588-3374,file_15.xls,,,,
KB라이프생명,KB 지켜주는 대중교통안심보험 무배당,주계약,대중교통재해사망보험금 + 대중교통재해사망보험금 + 대중교통재해사망보험금,피보험자가 보험기간 중 “대중교통 이용 중 교통사고”로 인하여 사망하였을 때,"5,000만원","5,000만원","3,600 원","1,500 원",2.70 %,-,-,118.0 %,118.2 %,-,-,-,-,보험기간(1년 초과),순수보장,비갱신형,비유니버셜,CM,2025-09-01,"1. 가입나이 : 만19세 ~ 64세 2. 보험기간 : 1년만기, 3년만기 3. 납입기간 : 일시납 5. 보험료 기준 : 40세, 3년만기, 일시납, 가입금액 5,000만원 6. 보험가격지수 기준 : 40세, 3년만기, 일시납, 가입금액 5,000만원",1588-3374,file_15.xls,,,,
KB라이프생명,KB 내맘대로Pick! e-건강보험 무배당(갱신형)(일반심사형),주계약,재해사망 보험금 + 재해사망 보험금 + 재해사망 보험금,피보험자가 보험기간 중 발생한 재해로 인하여 사망하 였을 때,"3,000만원","3,000만원","2,307 원",768 원,2.50 %,-,-,113.9 %,131.4 %,-,-,-,-,보험기간(1년 초과),순수보장,갱신형,비유니버셜,기타,2025-04-01,"1. 가입나이: 만19세 ~ 64세 2. 보험기간: 최초계약 10년/20년/30년만기, 갱신계약 1~10년만기 3. 납입기간 : 최초계약 전기납, 갱신계약 전기납 ※ 최종 갱신계약의 보험기간 만료일은 피보험자의 100세 계약해당일 ※ 최종 갱신계약의 보험기간 만료일이 10년 미만일 경우에는 갱신일로부터 최종 갱신계약의 보험기간 만료일까지를 보험기간으로 합니다. 4. 보험료(주계약) 기준 : 40세, 20년만기, 전기납, 월납, 가입금액 : 3,000만원 5. 보험료(특약) 기준 : 40세, 20년만기, 20년납, 월납, 특약가입금액 1,000만원 6. 보험가격지수 기준 : 40세, 20년만기, 전기납, 월납, 가입금액 3,000만원",1588-3374,file_15.xls,,,,
라이나생명,(무)골라담는건강보험(갱신형)_2형,주계약,재해사망보험금 + 재해사망보험금 + 재해사망보험금,피보험자가 보험기간 중 재해로 인 하여 사망하였을 경우,"3,000만원","3,000만원","3,240 원",990 원,2.25 %,-,-,153.4 %,162.5 %,-,-,-,-,보험기간(1년 초과),순수보장,갱신형,비유니버셜,대면채널 TM,2026-01-01,"1. 가입나이 : 최초계약 기준 만 15세~60세 2. 보험기간 : 10년만기, 20년만기 ※최종 갱신계약의 보험기간 만료일은 피보험자의 100세 계약해당일 3. 납입기간 : 전기납 4. 보험료 및 보험가격지수 작성기준 : 최초계약, 40세, 20년만기, 전기납, 월납, 가입금액 3,000만원",1588-0058,file_15.xls,,,,
라이나생명,(무)골라담는건강보험(갱신형)_1형,주계약,재해장해 급여금 + 재해장해 급여금 + 재해장해 급여금,피보험자가 보험기간 중 동일한 재해로 장해분류표 에서 정한 장해지급률 중 3% 이상 100%이하에 해당 하는 장해상태가 되었을 때,"3,000만원 × 해당 장해지급률","3,000만원","4,140 원","3,150 원",2.25 %,-,-,133.6 %,147.8 %,-,-,-,-,보험기간(1년 초과),순수보장,갱신형,비유니버셜,대면채널 TM,2026-01-01,"1. 가입나이 : 최초계약 기준 만 15세~60세 2. 보험기간 : 10년만기, 20년만기 ※최종 갱신계약의 보험기간 만료일은 피보험자의 100세 계약해당일 3. 납입기간 : 전기납 4. 보험료 및 보험가격지수 작성기준 : 최초계약, 40세, 20년만기, 전기납, 월납, 가입금액 3,000만원",1588-0058,file_15.xls,,,,
NH농협생명,ESG쏘옥NHe대중교통보험(무배당),주계약,대중교통재해 사망보험금 + 대중교통재해 사망보험금 + 대중교통재해 사망보험금,"피보험자가 보험기간 중‘대중교통 이용 중 교통사고’가 발생하고, 보험기간 중 그 ‘대중교통 이용 중 교통사고’를 직접적인 원인으로 사망한 경우","2,000만원","1,000만원","3,510 원",720 원,2.50 %,-,-,224.4 %,223.6 %,-,-,-,-,보험기간(1년 이하),순수보장,비갱신형,비유니버셜,CM,2026-01-01,"""1. 가입나이 : 만19세 ~ 60세 2. 가입한도 : 1,000만원 단일 3. 보험기간 : 1년 4. 판매채널 : CM 5. 위 보험료 및 보험가격지수 예시는 주계약 , 40세, 1년만기, 연납, 주계약 가입금액 1,000만원기준입니다.""",1544-4000,file_15.xls,,,,
NH농협생명,심플한NH재해보험(무배당),주계약,재해사망보험금 + 재해사망보험금 + 재해사망보험금,피보험자가 보험기간 중 재해로 사망한 경우,"5,000만원","1,000만원","11,400 원","7,020 원",2.50 %,-,-,233.5 %,288.1 %,-,-,-,-,보험기간(1년 초과),순수보장,비갱신형,비유니버셜,방카슈랑스,2025-08-04,"1. 가입나이 : 만15세 이상 ~ 80세 2. 가입한도 : 1,000만원 3. 보험기간 : 3년 4. 판매채널 : 방카슈랑스 5. 위 보험료 및 보험가격지수 예시는 주계약 가입금액 1,000만원, 가입연령 40세 기준, 3년 만기, 3년납, 월납 기준입니다.",1544-4000,file_15.xls,,,,
NH농협생명,NH모두안심재해보험(무배당),주계약,재해사망보험금 + 재해사망보험금 + 재해사망보험금,피보험자가 보험기간 중 재해로 사망한 경우,"3,000만원","3,000만원 원","4,590 원","2,052 원",2.50 %,-,-,319.5 %,481.2 %,-,-,-,-,보험기간(1년 초과),순수보장,비갱신형,비유니버셜,방카슈랑스,2025-08-04,"1. 가입나이 : 만15세 이상 ~ 87세 2. 가입한도 : 10,000만원 (66세 이상은 최대 5,000만원) 3. 보험기간 : 3년 4. 판매채널 : 방카슈랑스(농·축협) 5. 위 보험료 및 보험가격지수 예시는 주계약 가입금액 3,000만원, 가입연령 40세 기준, 3년 만기, 3년납, 월납 기준입니다. 6. 위 특약보험료 예시는 가입금액 1,000만원, 가입연령 40세 기준, 3년 만기, 3년납, 월납 기준입니다. 7. 공시된 보험료와 상품요약서 상 보험료의 예시 기준이 다름에 따라 보험료가 다를 수 있습니다.",1544-4000,file_15.xls,,,,
NH농협생명,효도쏘옥NHe부모님안심보험(무배당),주계약,재해골절 치료급여금 + 재해골절 치료급여금 + 재해골절 치료급여금,피보험자가 보험기간 중 재해를 직접적인 원인으로 재해골절(치아파절 제외)이 발생하였을 때,20만원 (재해골절발생 1회당),"1,000만원","28,500 원","27,000 원",2.50 %,-,-,84.3 %,78.2 %,-,-,-,-,보험기간(1년 이하),순수보장,비갱신형,비유니버셜,CM,2025-06-09,"1. 가입나이 : 만19세 이상 2. 가입한도 : 1,000만원 3. 보험기간 : 1년 4. 판매채널 : CM 5. 위 보험료 및 보험가격지수 예시는 주계약 가입금액 1,000만원, 가입연령 40세 기준, 1년 만기, 1년납, 연납 기준입니다.",1544-4000,file_15.xls,,,,
NH농협생명,효밍아웃NH부모님안전보험(무배당)_2404,주계약,재해골절 치료급여금 + 재해골절 치료급여금 + 재해골절 치료급여금,피보험자가 보험기간 중 재해를 직접적인 원인으로 재해골절(치아파절 제외)이 발생하였을 때,20만원 (재해골절발생 1회당),"1,000만원","28,500 원","27,000 원",2.50 %,-,-,84.3 %,78.2 %,-,-,-,-,보험기간(1년 이하),순수보장,비갱신형,비유니버셜,방카슈랑스,2025-06-09,"1. 가입나이 : 만19세 이상 2. 가입한도 : 1,000만원 3. 보험기간 : 1년 4. 판매채널 : 방카슈랑스 5. 위 보험료 및 보험가격지수 예시는 주계약 가입금액 1,000만원, 가입연령 40세 기준, 1년 만기, 1년납, 연납 기준입니다.",1544-4000,file_15.xls,,,,
NH농협생명,생활쏘옥NHe미니보장보험(무배당),주계약,"뺑소니, 무보험차 교통사고 사망보험금 + 뺑소니, 무보험차 교통사고 사망보험금 + 뺑소니, 무보험차 교통사고 사망보험금","피보험자가 보험기간 중 ‘뺑소니, 무보험 자동차에 의한 교통사고’가 발생하고, 보험기간 중 그 ‘뺑소니, 무보험 자동차에 의한 교통사고’를 직접적인 원인으로 사망한 경우","2,000만원","1,000만원","14,700 원","13,800 원",2.50 %,-,-,87.0 %,82.4 %,-,-,-,-,보험기간(1년 이하),순수보장,비갱신형,비유니버셜,방카슈랑스 CM,2026-01-01,"""1. 가입나이 : 만19세 ~ 70세 2. 가입한도 : 1,000만원 단일 3. 보험기간 : 1년 4. 판매채널 : CM, 방카슈랑스 5. 위 보험료 및 보험가격지수 예시는 2종(표준형) , 40세, 1년만기, 1년납, 연납, 가입금액 1,000만원기준입니다. 6. 방카슈랑스 채널에서는 2종(표준형)만 판매합니다.""",1544-4000,file_15.xls,,,,
NH농협생명,농작업근로자NH안전보험(무배당),주계약,유족급여금 + 유족급여금 + 유족급여금,피보험자가 보험기간 중에 농업작업안전재해 또는 농업작업안전질병으로 사망하였을 때,"1,000만원","1,000만원","90,900 원","90,900 원",2.25 %,-,-,91.4 %,84.5 %,-,-,-,-,보험기간(1년 이하),순수보장,비갱신형,비유니버셜,방카슈랑스,2026-01-01,"1. 가입나이 : 만15세 ~ 87세 2. 가입한도 : 1,000만원 단일 3. 보험기간 : 1종(일반형)의 경우 1일~89일(일단위), 2종(외국인계절근로자(E-8)형)의 경우 3개월~8개월(월단위) 4. 판매채널 : 방카슈랑스(농·축협) 5. 위 보험료 예시는 주계약 1종(일반형), 기본형, 40세, 89일만기, 일시납, 주계약 가입금액 1,000만원기준입니다. 6. 위 보험가격지수 예시는 주계약 1종(일반형), 기본형, 40세, 1년만기, 일시납, 주계약 가입금액 1,000만원기준입니다.",1544-4000,file_15.xls,,,,
NH농협생명,온라인농업인NH안전보험(무배당),주계약,유족급여금 + 유족급여금 + 유족급여금,피보험자가 보험기간 중에 농업작업안전재해 또는 농업작업안전질병으로 사망하였을 때,"6,000만원","1,000만원","291,900 원","291,900 원",2.25 %,-,-,75.3 %,69.6 %,-,-,-,-,보험기간(1년 이하),순수보장,비갱신형,비유니버셜,CM,2026-01-01,"1. 가입나이 : 만19세 ~ 87세 2. 가입한도 : 1,000만원 단일 3. 보험기간 : 1년만기 4. 판매채널 : CM 5. 위 보험료 및 보험가격지수 예시는 주계약 기본형 일반형, 40세, 1년만기, 연납, 주계약 가입금액 1,000만원기준입니다. 6. 온라인농업인NH안전보험은 일반1형 및 산재형만 가입가능하며, 특약은 부가할 수 없습니다.",1544-4000,file_15.xls,,,,
NH농협생명,농업인NH안전보험(무배당),주계약,유족급여금 + 유족급여금 + 유족급여금,피보험자가 보험기간 중에 농업작업안전재해 또는 농업작업안전질병으로 사망하였을 때,"6,000만원","1,000만원","291,900 원","291,900 원",2.25 %,-,-,75.3 %,69.6 %,-,-,-,-,보험기간(1년 이하),순수보장,비갱신형,비유니버셜,방카슈랑스,2026-01-01,"1. 가입나이 : 만15세 ~ 87세 2. 가입한도 : 1,000만원 단일 3. 보험기간 : 1년만기 4. 판매채널 : 방카슈랑스(농·축협) 5. 위 보험료 및 보험가격지수 예시는 주계약 기본형 일반1형, 40세, 1년만기, 연납, 주계약 가입금액 1,000만원기준입니다. 6. 위 특약보험료 예시는 40세, 1년만기, 연납 기준이며, 농업인재해골절특약(무), 농업인깁스치료특약(무)의 경우 가입금액 10만원, 농업인장제비지원특약(무)의 경우 가입금액 100만원, 농업인재해사망특약(무)의 경우 가입금액 1,000만원 기준입니다.",1544-4000,file_15.xls,,,,
교보라이프플래닛생명,(무)교보라플 맞춤건강종합보험(갱신형),주계약,재해사망보험금 + 재해사망보험금 + 재해사망보험금,피보험자가 보험기간 중 ‘재해분류표’에서 정한 재해로 사망하였을 경우,보험가입금액의 100%,1억원,"6,390 원","1,950 원",2.25 %,-,-,119.4 %,128.1 %,-,-,-,-,보험기간(1년 초과),순수보장,갱신형,비유니버셜,CM,2026-04-01,"1. 가입나이 : 만 19세 ~ 60세 2. 보험기간 : 10년만기 갱신형(최대100세) 3. 보험료 예시 기준 : 주계약, 보험가입금액 10,000만원, 40세, 10년만기, 10년납, 월납 4. 보험료 납입기간 : 전기납 5. 보험료 납입주기 : 월납 6. 가입한도 : 보험가입금액 최저 10,000만원 ~ 최고 50,000만원 7. 보험가격지수 : 보험가입금액 10,000만원, 40세, 10년만기, 10년납, 월납",1566-0999,file_15.xls,,,,
라이나생명,(무)THE건강한보철치료보험(갱신형),주계약,가철성의치(틀니) 치료보험금 + 가철성의치(틀니) 치료보험금 + 가철성의치(틀니) 치료보험금,"피보험자가 보험기간 중 치아우식증 (충치), 치주질환(잇몸질환) 또는 재해 를 직접적인 원인으로 보철치료보장개 시일 이후에 최초로 영구치 발거를 진 단확정받고 해당 영구치를 발거한 부 위에 가철성의치(틀니) 치료를 받았을 때 (보철물당 지급하며, 연간 1회를 한도 로 함)","100만원 (다만, 보철치료보장개시일 이 후 “보험계약일부터 2년이 지 난 보험계약해당일 전일” 이 전에 치아우식증(충치) 또는 치주질환(잇몸질환)을 원인으 로 영구치를 발거한 경우 상 기 금액의 50%를 지급함)","1,000만원","82,200 원","51,600 원",2.25 %,-,-,97.3 %,97.0 %,-,-,-,-,순수보장,갱신형,비유니버셜,TM,2026-01-01,"1. 가입나이 : 5년만기(5세~75세) , 10년만기(0세~70세) 2. 보험기간 : 5년만기, 10년만기 3. 납입기간 : 전기납 4. 보험료 작성기준 : 보험가입금액 1,000만원, 40세, 10년만기, 전기월납 5. 보험가격지수 작성기준 : 보험가입금액 1,000만원, 남자, 40세, 10년만기, 전기월납",15880058,주계약,file_17.xls,,,,
교보생명,교보e독서안심보험 (무배당),주계약,시각질환 수술보험금 + 시각질환 수술보험금 + 시각질환 수술보험금,"피보험자가 보험기간 중 “시각질환”으로 진단이 확정되고 그 “시각질환”의 직접적인 치료를 목적으로 “수술”을 받았을 경우(다만, 연간 1회에 한함)",수술 1회당 10만원,"1,000만원","3,870 원","2,820 원",2.00 %,-,-,89.8 %,86.6 %,-,-,-,-,순수보장,비갱신형,비유니버셜,CM,2026-01-01,"■필수기재사항 1. 가입나이 : 20 ~ 60세 2. 보험기간 : 1년 3. 납입기간 : 일시납 ■선택기재사항 1. 보험료 예시기준 : 보험가입금액 1,000만원, 40세, 1년만기, 일시납",1588-1001,주계약,file_19.xls,,,,
메트라이프생명,무배당 e수술보장 대출상환 신용보험II(3형),주계약,사망보험금 + 사망보험금 + 사망보험금,피보험자가 보험기간 중 사망하였을 때,"10,000만원","10,000만원","180,000 원","135,000 원",2.30 %,-,-,169.5 %,211.9 %,-,-,-,-,순수보장,비갱신형,비유니버셜,방카슈랑스,2024-04-01,"1. 가입연령 : 31~70세(보험기간 및 납입기간에 따라 상이) 2. 보험기간 및 납입기간 보험기간 : 10년, 15년, 20년, 25년, 30년 납입기간 : 전기납 3. 보험가입금액 : 10,000만원 4. 보험가격지수 예시기준 : 가입금액 10,000만원, 20년만기, 20년납, 월납, 40세 5. 보험료 예시 기준 : 주계약가입금액 10,000만원, 40세 남,여, 30년만기, 30년납, 월납 6. 기타사항 본 상품은 금융기관으로부터 대출을 받은 피보험자가 보험기간 중 약관에서 정하는 보험금 지급사유 중 사망보험금이 발생한 경우 금융기관에 보험금을 지급하여 피보험자의 대출금 상환을 지원하는 보장 상품이며 수술보험금이 발생한 경우 보험수익자로 지정한 피보험자에게 지급합니다",1588-9600,주계약,file_19.xls,,,,
메트라이프생명,무배당 e수술보장 대출상환 신용보험II(2형),주계약,사망보험금 + 사망보험금 + 사망보험금,피보험자가 보험기간 중 사망하였을 때,"5,000만원","5,000만원","108,000 원","82,500 원",2.30 %,-,-,143.7 %,180.3 %,-,-,-,-,순수보장,비갱신형,비유니버셜,방카슈랑스,2024-04-01,"1. 가입연령 : 28~70세(보험기간 및 납입기간에 따라 상이) 2. 보험기간 및 납입기간 보험기간 : 10년, 15년, 20년, 25년, 30년 납입기간 : 전기납 3. 보험가입금액 : 5,000만원 4. 보험가격지수 예시기준 : 가입금액 10,000만원, 20년만기, 20년납, 월납, 40세 5. 보험료 예시 기준 : 주계약가입금액 5,000만원, 40세 남,여, 30년만기, 30년납, 월납 6. 기타사항 본 상품은 금융기관으로부터 대출을 받은 피보험자가 보험기간 중 약관에서 정하는 보험금 지급사유 중 사망보험금이 발생한 경우 금융기관에 보험금을 지급하여 피보험자의 대출금 상환을 지원하는 보장 상품이며 수술보험금이 발생한 경우 보험수익자로 지정한 피보험자에게 지급합니다",1588-9600,주계약,file_19.xls,,,,
메트라이프생명,무배당 e수술보장 대출상환 신용보험II(1형),주계약,사망보험금 + 사망보험금 + 사망보험금,피보험자가 보험기간 중 사망하였을 때,"3,000만원","3,000만원","80,100 원","61,200 원",2.30 %,-,-,131.5 %,154.9 %,-,-,-,-,순수보장,비갱신형,비유니버셜,방카슈랑스,2024-04-01,"1. 가입연령 : 24~70세(보험기간 및 납입기간에 따라 상이) 2. 보험기간 및 납입기간 보험기간 : 10년, 15년, 20년, 25년, 30년 납입기간 : 전기납 3. 보험가입금액 : 3,000만원 4. 보험가격지수 예시기준 : 가입금액 10,000만원, 20년만기, 20년납, 월납, 40세 5. 보험료 예시 기준 : 주계약가입금액 3,000만원, 40세 남,여, 30년만기, 30년납, 월납 6. 기타사항 본 상품은 금융기관으로부터 대출을 받은 피보험자가 보험기간 중 약관에서 정하는 보험금 지급사유 중 사망보험금이 발생한 경우 금융기관에 보험금을 지급하여 피보험자의 대출금 상환을 지원하는 보장 상품이며 수술보험금이 발생한 경우 보험수익자로 지정한 피보험자에게 지급합니다",1588-9600,주계약,file_19.xls,,,,
신한라이프생명,신한SOL다치면속상해보험 mini(무배당),주계약,재해수술급여금 + 재해수술급여금 + 재해수술급여금,보험기간 중 피보험자가 재해로 인한 그 직접적인 치료를 목적으로 보험기간 중 수술을 받았을 때(수 술 1회당),【수술 1회당】 10 만원,"1,000 만원 원","37,800 원","25,950 원",2.10 %,-,-,129.0 %,118.6 %,-,-,-,-,순수보장,비갱신형,비유니버셜,대면채널 CM,2026-01-01,"1. 보험기간 : 1년/3년 2. 보험형태 : 순수보장형 3. 가입나이 : 15세~70세(디지털채널:19세~ 60세) 4. 1년,3년만기/일시납 으로 운영 5. 보험료 및 보험가격지수 예시 기준 : 가입금액 1,000만원, 1년만기, 일시납, 40세",1588-5580,주계약,file_19.xls,,,,
하나생명,(무)신용보험,주계약,사망보험금 + 사망보험금 + 사망보험금,피보험자가 보험기간 중 사망하였을 경우,"1,000만원",100 만원,"74,190 원","46,110 원",2.25 %,-,-,75.4 %,69.8 %,-,-,-,-,순수보장,비갱신형,비유니버셜,CM,2026-01-01,"1. 가입나이 : 남자 - 만 19세 ~ 70세 / 여자 - 만 19세 ~ 70세 2. 보험기간 : 1년,2년,3년, 1일~1년(재해형, 단일보험료형에 한함) 3. 상품유형 : 기본형, 재해형(일반형), 재해형(단일보험료형) 4. 납입기간 : 일시납 6. 납입주기 : 일시납 7. 보험료 예시기준(주계약) : 기본형, 사망·고도장해보장형, 40세, 3년만기, 일시납, 보험가입금액 100만원 8. 보험가격지수 예시기준 : 기본형, 사망·고도장해보장형, 40세, 3년만기, 일시납, 보험가입금액 100만원",1577-1112,주계약,file_19.xls,,,,
